Code ,adm_01,Date,Month,Year ,event_type,fatalities,kidnapped,threatened,injured,assaulted,SGBV,facility_destroyed,facility_damage,supplies_taken,,,,,,
COD,North Kivu,May-19,May,2019,Individuals,,,,,,,,,,,,,,,
COD,North Kivu,May-19,May,2019,Attacks on civilians,,,,,,,,1,1,,,,,,
COD,North Kivu,Aug-19,August,2019,Attacks on civilians,,,,,,,,,,,,,,,
COD,Ituri,Aug-19,August,2019,Attacks on civilians,,2,,,,,,,1,,,,,,
COD,North Kivu,Nov-19,November,2019,Attacks on civilians,,,,,,,,,,,,,,,
COD,North Kivu,Feb-19,February,2019,Health programmes,,,,1,,,,,,,,,,,
COD,North Kivu,Feb-19,February,2019,Individuals,,,,,,,,1,,,,,,,
COD,North Kivu,Feb-19,February,2019,Individuals,,2,,,,,,,,,,,,,
COD,North Kivu,Feb-19,February,2019,Individuals,,1,,,,,,,,,,,,,
COD,North Kivu,Feb-19,February,2019,Health programmes,1,,,,,,,1,,,,,,,
COD,North Kivu,Feb-19,February,2019,Individuals,,,,,,,,1,,,,,,,
COD,North Kivu,Mar-19,March,2019,Individuals,,,,,,,1,,,,,,,,
COD,North Kivu,Mar-19,March,2019,Individuals,,,,1,,,,1,,,,,,,
COD,Tanganyika,Mar-19,March,2019,Individuals,,,,,,,,,,,,,,,
COD,North Kivu,Mar-19,March,2019,Individuals,,,,2,,,,,,,,,,,
COD,South Kivu,Apr-19,April,2019,Individuals,,,2,,,,,,,,,,,,
COD,South Kivu,Apr-19,April,2019,Looting and common crime,,,4,,,,,,,,,,,,
COD,North Kivu,Apr-19,April,2019,Health programmes,1,,,,,,,,,,,,,,
COD,North Kivu,Apr-19,April,2019,Health programmes,,,,,,,,,,,,,,,
COD,North Kivu,Apr-19,April,2019,Individuals,,,1,,,,,,,,,,,,
COD,North Kivu,Apr-19,April,2019,Individuals,,4,,,,,,,,,,,,,
COD,North Kivu,May-19,May,2019,Health programmes,,,,,1,,,,,,,,,,
COD,North Kivu,May-19,May,2019,Health programmes,,,,,1,,,,,,,,,,
COD,Ituri,May-19,May,2019,Health programmes,,,,,1,,,,,,,,,,
COD,North Kivu,May-19,May,2019,Health programmes,1,,,,,,,,,,,,,,
COD,North Kivu,May-19,May,2019,Health programmes,,,,,,,,1,,,,,,,
COD,North Kivu,May-19,May,2019,Individuals,,,10,,,,,,,,,,,,
COD,North Kivu,May-19,May,2019,Looting and common crime,1,,,,,,,,1,,,,,,
COD,North Kivu,Jun-19,June,2019,Individuals,,,,1,,,,,,,,,,,
COD,North Kivu,Jun-19,June,2019,Individuals,,3,,,,,,,,,,,,,
COD,North Kivu,Jun-19,June,2019,Individuals,,,,4,,,,,,,,,,,
COD,Kinshasa,Jun-19,June,2019,Individuals,,,,,,,,,,,,,,,
COD,North Kivu,Jul-19,July,2019,Individuals,2,,,,,,,,,,,,,,
COD,North Kivu,Jul-19,July,2019,Individuals,,,1,,,,,,,,,,,,
COD,North Kivu,Jul-19,July,2019,Individuals,1,,,,,,,,,,,,,,
COD,North Kivu,Jul-19,July,2019,Health programmes,,,,,,,,1,,,,,,,
COD,North Kivu,Aug-19,August,2019,Individuals,,,,,,,,,,,,,,,
COD,Tanganyika,Aug-19,August,2019,Looting and common crime,,,,,1,,,,,,,,,,
COD,North Kivu,Aug-19,August,2019,Health programmes,,,1,,,,,1,,,,,,,
COD,North Kivu,Jul-19,July,2019,Health programmes,,,,,,,,1,,,,,,,
COD,North Kivu,Jul-19,July,2019,Health programmes,,,,,,,,,1,,,,,,
COD,South Kivu,Jun-19,June,2019,Looting and common crime,,,,,,,,,1,,,,,,
COD,Ituri,Jun-19,June,2019,Health programmes,,,,,,,1,,,,,,,,
COD,North Kivu,May-19,May,2019,Health programmes,,,,,,,1,,,,,,,,
COD,South Kivu,Apr-19,April,2019,Looting and common crime,,,,,,,,,1,,,,,,
COD,,Sep-19,September,2019,Individuals,,,,,,,,,,,,,,,
COD,Ituri,Sep-19,September,2019,Health programmes,,,,,,,,4,,,,,,,
COD,North Kivu,Sep-19,September,2019,Looting and common crime,,,,,,,,,1,,,,,,
COD,North Kivu,Sep-19,September,2019,Individuals,,3,,,,,,,,,,,,,
COD,North Kivu,Sep-19,September,2019,Individuals,,,,,,,,1,,,,,,,
COD,North Kivu,Oct-19,October,2019,Individuals,,,,,,,,1,,,,,,,
COD,North Kivu,Oct-19,October,2019,Individuals,,,,,,,,,,,,,,,
COD,Ituri,Oct-19,October,2019,Individuals,,,1,,,,,,,,,,,,
COD,South Kivu,Sep-19,September,2019,Individuals,1,,,,,,,,,,,,,,
COD,South Kivu,Sep-19,September,2019,Individuals,,1,,,,,,,,,,,,,
COD,North Kivu,Sep-19,September,2019,Individuals,,,,,,,,1,,,,,,,
COD,Ituri,Sep-19,September,2019,Individuals,,,,,,,,,,,,,,,
COD,Ituri,Oct-19,October,2019,Health programmes,,,1,,,,,,,,,,,,
COD,North Kivu,Oct-19,October,2019,Individuals,,,,,,,,,,,,,,,
COD,Lomani,Oct-19,October,2019,Looting and common crime,,,,,,,,,,,,,,,
COD,North Kivu,Oct-19,October,2019,Health programmes,,,,,,,,1,,,,,,,
COD,Ituri,Oct-19,October,2019,Health programmes,,,1,,,,,4,,,,,,,
COD,North Kivu,Oct-19,October,2019,Unclassified,,,,,,,,,,,,,,,
COD,North Kivu,Oct-19,October,2019,Health programmes,,,,,,,1,,,,,,,,
COD,Ituri,Oct-19,October,2019,Individuals,,,,,,,,1,,,,,,,
COD,Ituri,Oct-19,October,2019,Individuals,,,,,,,,1,,,,,,,
COD,Ituri,Oct-19,October,2019,Health programmes,,,,,,,,1,,,,,,,
COD,North Kivu,Oct-19,October,2019,Looting and common crime,,,,,,,,1,,,,,,,
COD,Kinshasa,Oct-19,October,2019,Individuals,1,,,,,,,,,,,,,,
COD,Ituri,Nov-19,November,2019,Health programmes,1,,,,,,,,,,,,,,
COD,Ituri,Nov-19,November,2019,Health programmes,,,,,,,,,,,,,,,
COD,North Kivu,Nov-19,November,2019,Health programmes,,,,,,,,1,1,,,,,,
COD,North Kivu,Nov-19,November,2019,Health programmes,,,,,,,,1,,,,,,,
COD,South Kivu,Nov-19,November,2019,Individuals,1,,,,,,,,,,,,,,
COD,North Kivu,Nov-19,November,2019,Individuals,4,,,,,,,,,,,,,,
COD,Ituri,Nov-19,November,2019,Individuals,2,,,,,,,,,,,,,,
COD,North Kivu,Nov-19,November,2019,Individuals,,,,,,,,1,,,,,,,
COD,Ituri,Dec-19,December,2019,Individuals,,,,,,,,,,,,,,,
COD,Ituri,Dec-19,December,2019,Individuals,,,,,,,,1,,,,,,,
COD,Ituri,Dec-19,December,2019,Individuals,,,,,,,,1,,,,,,,
COD,North Kivu,Dec-19,December,2019,Individuals,,,,,,,,2,,,,,,,
COD,North Kivu,Dec-19,December,2019,Looting and common crime,,,,,,,,1,1,,,,,,
COD,,Jan-19,January,2019,Individuals,,,,,1,,,,,,,,,,
COD,,Jan-19,January,2019,Health programmes,,,1,,,,,,,,,,,,
COD,,Jan-19,January,2019,Health programmes,,,1,,,,,,,,,,,,
COD,,Jan-19,January,2019,Infrastructure ,,,,,1,,,1,1,,,,,,
COD,,Jan-19,January,2019,Individuals,,,,,1,,,,,,,,,,
COD,,Feb-19,February,2019,Health programmes,,,1,,1,,,,,,,,,,
COD,,Feb-19,February,2019,Health programmes,,,1,,,,,,,,,,,,
COD,,Feb-19,February,2019,Health programmes,,,1,,,,,,,,,,,,
COD,,Feb-19,February,2019,Health programmes,,,1,,1,,,,,,,,,,
COD,,Feb-19,February,2019,Health programmes,,,1,,1,,,,,,,,,,
COD,,Feb-19,February,2019,Health programmes,,,1,,,,,,,,,,,,
COD,,Feb-19,February,2019,Health programmes,,,1,,,,,,,,,,,,
COD,,Feb-19,February,2019,Health programmes,,,1,,,,,,,,,,,,
COD,,Feb-19,February,2019,Looting and common crime,,,1,,1,,,,1,,,,,,
COD,,Feb-19,February,2019,Health programmes,,,1,,,,,,,,,,,,
COD,,Feb-19,February,2019,Looting and common crime,,,,,1,,,,1,,,,,,
COD,,Feb-19,February,2019,Looting and common crime,,,,,1,,,1,1,,,,,,
COD,,Feb-19,February,2019,Health programmes,,,1,,1,,,,,,,,,,
COD,,Feb-19,February,2019,Health programmes,,,1,,1,,,,,,,,,,
COD,,Feb-19,February,2019,Health programmes,,,1,,,,,,,,,,,,
COD,,Feb-19,February,2019,Looting and common crime,,,1,,1,,,,,,,,,,
COD,,Feb-19,February,2019,Infrastructure ,,,1,,1,,,1,,,,,,,
COD,,Feb-19,February,2019,Individuals,,,1,1,,,,,,,,,,,
COD,,Feb-19,February,2019,Health programmes,,,1,1,,,,,,,,,,,
COD,,Feb-19,February,2019,Health programmes,,,1,,1,,,,,,,,,,
COD,,Feb-19,February,2019,Health programmes,,,1,,1,,,,,,,,,,
COD,,Feb-19,February,2019,Unclassified,,,,,,,,,,,,,,,
COD,,Feb-19,February,2019,Individuals,,,,,2,,,,,,,,,,
COD,,Feb-19,February,2019,Health programmes,,,1,2,,,,,,,,,,,
COD,,Feb-19,February,2019,Individuals,,,,1,,,,,,,,,,,
COD,,Feb-19,February,2019,Infrastructure ,,,,,,,,,,,,,,,
COD,,Feb-19,February,2019,Health programmes,,,1,,,,,,,,,,,,
COD,,Feb-19,February,2019,Health programmes,,,1,,,,,,,,,,,,
COD,,Feb-19,February,2019,Infrastructure ,,,,,1,,,1,,,,,,,
COD,,Feb-19,February,2019,Health programmes,,,1,,1,,,,,,,,,,
COD,,Feb-19,February,2019,Health programmes,,,1,,1,,,,,,,,,,
COD,,Feb-19,February,2019,Health programmes,,,1,,1,,,,,,,,,,
COD,,Feb-19,February,2019,Individuals,,,1,,1,,,,,,,,,,
COD,,Feb-19,February,2019,Health programmes,,,1,,1,,,,,,,,,,
COD,,Feb-19,February,2019,Health programmes,,,1,,1,,,,,,,,,,
COD,,Mar-19,March,2019,Individuals,,,,,1,,,,,,,,,,
COD,,Mar-19,March,2019,Health programmes,,,1,,,,,,,,,,,,
COD,,Mar-19,March,2019,Infrastructure ,,,1,,,,,,,,,,,,
COD,,Mar-19,March,2019,Health programmes,,,1,,1,,,,,,,,,,
COD,,Mar-19,March,2019,Health programmes,,,1,,,,,,,,,,,,
COD,,Mar-19,March,2019,Health programmes,,,1,,1,,,,,,,,,,
COD,,Mar-19,March,2019,Health programmes,,,1,1,,,,,,,,,,,
COD,,Mar-19,March,2019,Looting and common crime,,,,,,,,,1,,,,,,
COD,,Mar-19,March,2019,Health programmes,,,1,4,,,,,,,,,,,
COD,,Mar-19,March,2019,Health programmes,,,1,,,,,,,,,,,,
COD,,Mar-19,March,2019,Health programmes,,,1,,,,,,,,,,,,
COD,,Mar-19,March,2019,Health programmes,,,1,,1,,,,,,,,,,
COD,,Mar-19,March,2019,Infrastructure ,,,,,,,,,,,,,,,
COD,,Mar-19,March,2019,Infrastructure ,,,,,,,,,,,,,,,
COD,,Mar-19,March,2019,Individuals,,,1,3,,,,,,,,,,,
COD,,Mar-19,March,2019,Unclassified,,,,1,,,,,,,,,,,
COD,,Mar-19,March,2019,Individuals,,,,,1,,,,,,,,,,
COD,,Mar-19,March,2019,Individuals,,,,,,,,,,,,,,,
COD,,Mar-19,March,2019,Looting and common crime,,,1,,1,,,,,,,,,,
COD,,Mar-19,March,2019,Health programmes,,,1,,1,,,,,,,,,,
COD,,Mar-19,March,2019,Health programmes,,,1,,,,,,,,,,,,
COD,,Mar-19,March,2019,Health programmes,,,1,,1,,,,,,,,,,
COD,,Mar-19,March,2019,Health programmes,,,1,,,,,,,,,,,,
COD,,Mar-19,March,2019,Looting and common crime,,,,,,,,,1,,,,,,
COD,,Mar-19,March,2019,Health programmes,,,1,,,,,,,,,,,,
COD,,Mar-19,March,2019,Health programmes,,,1,,,,,,,,,,,,
COD,,Mar-19,March,2019,Individuals,,,,,,,,,,,,,,,
COD,,Mar-19,March,2019,Health programmes,,,1,,,,,,,,,,,,
COD,,Mar-19,March,2019,Infrastructure ,,,,,1,,,1,,,,,,,
COD,,Mar-19,March,2019,Health programmes,,,1,,,,,,,,,,,,
COD,,Mar-19,March,2019,Health programmes,,,1,,,,,,,,,,,,
COD,,Mar-19,March,2019,Health programmes,,,1,,1,,,,,,,,,,
COD,,Mar-19,March,2019,Health programmes,,,1,,,,,,,,,,,,
COD,,Mar-19,March,2019,Health programmes,,,1,,1,,,,,,,,,,
COD,,Mar-19,March,2019,Unclassified,,,,,,,,,,,,,,,
COD,,Mar-19,March,2019,Health programmes,,,1,,1,,,,,,,,,,
COD,,Mar-19,March,2019,Health programmes,,,1,,1,,,,,,,,,,
COD,,Mar-19,March,2019,Health programmes,,,1,,4,,,,,,,,,,
COD,,Mar-19,March,2019,Health programmes,,,1,,1,,,,,,,,,,
COD,,Mar-19,March,2019,Health programmes,,,1,,1,,,,,,,,,,
COD,,Mar-19,March,2019,Health programmes,,,1,,,,,,,,,,,,
COD,,Mar-19,March,2019,Health programmes,,,1,,,,,,,,,,,,
COD,,Mar-19,March,2019,Looting and common crime,,,1,1,,,,,,,,,,,
COD,,Mar-19,March,2019,Health programmes,,,1,,1,,,,,,,,,,
COD,,Mar-19,March,2019,Health programmes,,,1,,1,,,,,,,,,,
COD,,Mar-19,March,2019,Individuals,,,,,1,,,,,,,,,,
COD,,Mar-19,March,2019,Looting and common crime,,,,,1,,,,1,,,,,,
COD,,Mar-19,March,2019,Health programmes,,,1,,1,,,,,,,,,,
COD,,Mar-19,March,2019,Looting and common crime,,,1,,1,,,,1,,,,,,
COD,,Mar-19,March,2019,Unclassified,,,,,,,,,,,,,,,
COD,,Mar-19,March,2019,Health programmes,,,1,,,,,,,,,,,,
COD,,Mar-19,March,2019,Health programmes,,,1,,1,,,,,,,,,,
COD,,Apr-19,April,2019,Health programmes,,,1,,1,,,,,,,,,,
COD,,Apr-19,April,2019,Health programmes,,,1,,1,,,,,,,,,,
COD,,Apr-19,April,2019,Health programmes,,,1,,,,,,,,,,,,
COD,,Apr-19,April,2019,Health programmes,,,1,,1,,,,,,,,,,
COD,,Apr-19,April,2019,Health programmes,,,1,,,,,,,,,,,,
COD,,Apr-19,April,2019,Infrastructure ,,,,,,,,1,,,,,,,
COD,,Apr-19,April,2019,Health programmes,,,1,,,,,,,,,,,,
COD,,Apr-19,April,2019,Looting and common crime,,,1,,,,,,1,,,,,,
COD,,Apr-19,April,2019,Infrastructure ,,,,,,,,,,,,,,,
COD,,Apr-19,April,2019,Infrastructure ,,,1,,,,,,,,,,,,
COD,,Apr-19,April,2019,Health programmes,,,1,,,,,,,,,,,,
COD,,Apr-19,April,2019,Health programmes,,,1,,,,,,,,,,,,
COD,,Apr-19,April,2019,Individuals,,,1,1,,,,,,,,,,,
COD,,Apr-19,April,2019,Infrastructure ,,,,,,,,1,,,,,,,
COD,,Apr-19,April,2019,Unclassified,,,,,,,,,,,,,,,
COD,,Apr-19,April,2019,Health programmes,,,1,1,,,,,,,,,,,
COD,,Apr-19,April,2019,Individuals,,,1,1,,,,,,,,,,,
COD,,Apr-19,April,2019,Individuals,,,1,1,,,,,,,,,,,
COD,,Apr-19,April,2019,Health programmes,,,1,,,,,,,,,,,,
COD,,Apr-19,April,2019,Health programmes,,,1,,,,,,,,,,,,
COD,,Apr-19,April,2019,Individuals,,,,,1,,,,,,,,,,
COD,,Apr-19,April,2019,Health programmes,,,1,,,,,,,,,,,,
COD,,Apr-19,April,2019,Health programmes,,,1,,,,,,,,,,,,
COD,,Apr-19,April,2019,Infrastructure ,,,,,,,,,,,,,,,
COD,,Apr-19,April,2019,Health programmes,,,1,,,,,,,,,,,,
COD,,Apr-19,April,2019,Health programmes,,,1,2,,,,,,,,,,,
COD,,Apr-19,April,2019,Health programmes,,,1,,2,,,,,,,,,,
COD,,Apr-19,April,2019,Health programmes,,,1,,,,,,,,,,,,
COD,,Apr-19,April,2019,Health programmes,,,1,,1,,,,,,,,,,
COD,,Apr-19,April,2019,Health programmes,,,1,,1,,,,,,,,,,
COD,,Apr-19,April,2019,Looting and common crime,,,,,,,,,1,,,,,,
COD,,Apr-19,April,2019,Infrastructure ,,,,,,,,,,,,,,,
COD,,Apr-19,April,2019,Health programmes,,,1,,,,,,,,,,,,
COD,,Apr-19,April,2019,Health programmes,,,1,,,,,,,,,,,,
COD,,Apr-19,April,2019,Health programmes,,,1,,,,,,,,,,,,
COD,,Apr-19,April,2019,Infrastructure ,,,,.,,,,1,,,,,,,
COD,,Apr-19,April,2019,Individuals,,,,2,,,,,,,,,,,
COD,,Apr-19,April,2019,Infrastructure ,,,,,,,,,,,,,,,
COD,,Apr-19,April,2019,Looting and common crime,,,,,,,,1,1,,,,,,
COD,,Apr-19,April,2019,Health programmes,,,1,,,,,,,,,,,,
COD,,Apr-19,April,2019,Health programmes,,,1,,,,,,,,,,,,
COD,,Apr-19,April,2019,Health programmes,,,1,,1,,,,,,,,,,
COD,,Apr-19,April,2019,Infrastructure ,,,,,,,,,,,,,,,
COD,,Apr-19,April,2019,Health programmes,,,1,,,,,,,,,,,,
COD,,May-19,May,2019,Health programmes,,,1,4,,,,,,,,,,,
COD,,May-19,May,2019,Infrastructure ,,,,,1,,,1,1,,,,,,
COD,,May-19,May,2019,Health programmes,,,1,,,,,,,,,,,,
COD,,May-19,May,2019,Health programmes,,,1,,1,,,,,,,,,,
COD,,May-19,May,2019,Health programmes,,,1,,,,,,,,,,,,
COD,,May-19,May,2019,Health programmes,,,1,,,,,,,,,,,,
COD,,May-19,May,2019,Health programmes,,,1,,,,,,,,,,,,
COD,,May-19,May,2019,Health programmes,,,1,,,,,,,,,,,,
COD,,May-19,May,2019,Infrastructure ,,,,,1,,,1,,,,,,,
COD,,May-19,May,2019,Health programmes,,,1,,1,,,,,,,,,,
COD,,May-19,May,2019,Health programmes,,,1,,,,,,,,,,,,
COD,,May-19,May,2019,Health programmes,,,1,,1,,,,,,,,,,
COD,,May-19,May,2019,Health programmes,,,1,,1,,,,,,,,,,
COD,,May-19,May,2019,Health programmes,,,1,,,,,,,,,,,,
COD,,May-19,May,2019,Individuals,,,,,,,,,,,,,,,
COD,,May-19,May,2019,Health programmes,,,1,,,,,,,,,,,,
COD,,May-19,May,2019,Infrastructure ,,,,,,,,1,,,,,,,
COD,,May-19,May,2019,Health programmes,,,1,,,,,,,,,,,,
COD,,May-19,May,2019,Health programmes,,,1,,,,,,,,,,,,
COD,,May-19,May,2019,Infrastructure ,,,,,,,,1,,,,,,,
COD,,May-19,May,2019,Health programmes,,,1,,,,,,,,,,,,
COD,,May-19,May,2019,Health programmes,,,1,,,,,,,,,,,,
COD,,May-19,May,2019,Infrastructure ,,,,,,,,,,,,,,,
COD,,May-19,May,2019,Health programmes,,,1,,,,,,,,,,,,
COD,,May-19,May,2019,Health programmes,,,1,,,,,,,,,,,,
COD,,May-19,May,2019,Health programmes,,,1,,,,,,,,,,,,
COD,,May-19,May,2019,Health programmes,,,1,,1,,,,,,,,,,
COD,,May-19,May,2019,Health programmes,,,1,,,,,,,,,,,,
COD,,May-19,May,2019,Health programmes,,,1,,,,,,,,,,,,
COD,,May-19,May,2019,Looting and common crime,,,,,1,,,1,1,,,,,,
COD,,May-19,May,2019,Health programmes,,,1,,1,,,,,,,,,,
COD,,May-19,May,2019,Infrastructure ,,,,,1,,,1,,,,,,,
COD,,May-19,May,2019,Health programmes,,,1,2,,,,,,,,,,,
COD,,May-19,May,2019,Health programmes,,,1,,,,,,,,,,,,
COD,,May-19,May,2019,Health programmes,,,1,,1,,,,,,,,,,
COD,,May-19,May,2019,Health programmes,,,1,,1,,,,,,,,,,
COD,,May-19,May,2019,Health programmes,,,1,,,,,,,,,,,,
COD,,May-19,May,2019,Looting and common crime,,,1,,1,,,,1,,,,,,
COD,,May-19,May,2019,Health programmes,,,1,,,,,,,,,,,,
COD,,May-19,May,2019,Looting and common crime,,,,,,,,,1,,,,,,
COD,,Jun-19,June,2019,Individuals,,,,,,,,,,,,,,,
COD,,Jun-19,June,2019,Health programmes,,,1,,,,,,,,,,,,
COD,,Jun-19,June,2019,Health programmes,,,1,,,,,,,,,,,,
COD,,Jun-19,June,2019,Health programmes,,,1,,,,,,,,,,,,
COD,,Jun-19,June,2019,Health programmes,,,1,,,,,,,,,,,,
COD,,Jun-19,June,2019,Looting and common crime,,,,,,,,,1,,,,,,
COD,,Jun-19,June,2019,Health programmes,,,1,1,,,,,,,,,,,
COD,,Jun-19,June,2019,Unclassified,,,,,1,,,,,,,,,,
COD,,Jun-19,June,2019,Health programmes,,,1,,,,,,,,,,,,
COD,,Jun-19,June,2019,Looting and common crime,,,,,,,,,1,,,,,,
COD,,Jun-19,June,2019,Individuals,,,1,1,,,,,,,,,,,
COD,,Jun-19,June,2019,Infrastructure ,,,1,,,,,,,,,,,,
COD,,Jun-19,June,2019,Health programmes,,,1,,,,,,,,,,,,
COD,,Jun-19,June,2019,Health programmes,,,1,1,,,,,,,,,,,
COD,,Jun-19,June,2019,Health programmes,,,1,,,,,,,,,,,,
COD,,Jun-19,June,2019,Health programmes,,,1,3,,,,,,,,,,,
COD,,Jun-19,June,2019,Health programmes,,,1,,,,,,,,,,,,
COD,,Jun-19,June,2019,Health programmes,,,1,1,,,,,,,,,,,
COD,,Jun-19,June,2019,Health programmes,,,1,,,,,,,,,,,,
COD,,Jun-19,June,2019,Health programmes,,,1,,1,,,,,,,,,,
COD,,Jun-19,June,2019,Looting and common crime,,,1,1,,,,,1,,,,,,
COD,,Jun-19,June,2019,Infrastructure ,,,1,2,,,,,,,,,,,
COD,,Jun-19,June,2019,Health programmes,,,1,,1,,,,,,,,,,
COD,,Jun-19,June,2019,Health programmes,,,1,,1,,,,,,,,,,
COD,,Jul-19,July,2019,Health programmes,,,1,,1,,,,,,,,,,
COD,,Jul-19,July,2019,Health programmes,,,1,,1,,,,,,,,,,
COD,,Jul-19,July,2019,Health programmes,,,1,1,,,,,,,,,,,
COD,,Jul-19,July,2019,Individuals,,,,,1,,,,,,,,,,
COD,,Jul-19,July,2019,Health programmes,,,1,,1,,,,,,,,,,
COD,,Jul-19,July,2019,Infrastructure ,,,,,,,,,,,,,,,
COD,,Jul-19,July,2019,Infrastructure ,,,,,,,,,,,,,,,
COD,,Jul-19,July,2019,Health programmes,,,1,,,,,,,,,,,,
COD,,Jul-19,July,2019,Looting and common crime,,,,,,,,,,,,,,,
COD,,Jul-19,July,2019,Health programmes,,,1,,,,,,,,,,,,
COD,,Jul-19,July,2019,Health programmes,,,1,,,,,,,,,,,,
COD,,Jul-19,July,2019,Infrastructure ,,,,,,,,,,,,,,,
COD,,Jul-19,July,2019,Health programmes,,,1,,,,,,,,,,,,
COD,,Jul-19,July,2019,Health programmes,,,1,,,,,,,,,,,,
COD,,Jul-19,July,2019,Health programmes,,,1,1,,,,,,,,,,,
COD,,Jul-19,July,2019,Health programmes,,,1,1,,,,,,,,,,,
COD,,Jul-19,July,2019,Infrastructure ,,,,,,,,,,,,,,,
COD,,Jul-19,July,2019,Looting and common crime,,,,,,,,,,,,,,,
COD,,Jul-19,July,2019,Health programmes,,,1,,,,,,,,,,,,
COD,,Jul-19,July,2019,Infrastructure ,,,,,,,,,,,,,,,
COD,North Kivu,Jul-19,July,2019,Health programmes,1,,,,,,,,,,,,,,
COD,,Jul-19,July,2019,Health programmes,,,1,,1,,,,,,,,,,
COD,,Jul-19,July,2019,Health programmes,,,1,,,,,,,,,,,,
COD,,Jul-19,July,2019,Individuals,,,,,,,,,,,,,,,
COD,,Jul-19,July,2019,Infrastructure ,,,,,,,,,,,,,,,
COD,,Jul-19,July,2019,Infrastructure ,,,,,,,,,,,,,,,
COD,,Jul-19,July,2019,Individuals,,,,,,,,,,,,,,,
COD,,Jul-19,July,2019,Infrastructure ,,,,,,,,1,,,,,,,
COD,,Jul-19,July,2019,Infrastructure ,,,,,,,,,,,,,,,
COD,,Jul-19,July,2019,Health programmes,,,1,,,,,,,,,,,,
COD,,Jul-19,July,2019,Individuals,,,,,,,,,,,,,,,
COD,,Jul-19,July,2019,Infrastructure ,,,1,,1,,,1,,,,,,,
COD,,Jul-19,July,2019,Health programmes,,,1,,,,,,,,,,,,
COD,,Jul-19,July,2019,Infrastructure ,,,,,,,,,,,,,,,
COD,,Jul-19,July,2019,Health programmes,,,1,,,1,,,,,,,,,
COD,,Jul-19,July,2019,Health programmes,,,1,,,,,,,,,,,,
COD,,Aug-19,August,2019,Infrastructure ,,,,,,,,1,,,,,,,
COD,,Aug-19,August,2019,Health programmes,,,1,,,,,,,,,,,,
COD,,Aug-19,August,2019,Health programmes,,,1,,,,,,,,,,,,
COD,,Aug-19,August,2019,Health programmes,,,1,,,,,,,,,,,,
COD,,Aug-19,August,2019,Health programmes,,,1,,,,,,,,,,,,
COD,,Aug-19,August,2019,Health programmes,,,1,,,,,,,,,,,,
COD,,Aug-19,August,2019,Infrastructure ,,,,,,,,,,,,,,,
COD,,Aug-19,August,2019,Health programmes,,,1,,1,,,,,,,,,,
COD,,Aug-19,August,2019,Infrastructure ,,,,,,,,,,,,,,,
COD,,Aug-19,August,2019,Infrastructure ,,,,,,,,,,,,,,,
COD,,Aug-19,August,2019,Unclassified,,,,,,,,,,,,,,,
COD,,Aug-19,August,2019,Unclassified,,,,,,,,,,,,,,,
COD,,Aug-19,August,2019,Individuals,,,,,,,,,,,,,,,
COD,,Aug-19,August,2019,Health programmes,,,1,,,,,,,,,,,,
COD,,Aug-19,August,2019,Health programmes,,,1,,,,,,,,,,,,
COD,,Aug-19,August,2019,Health programmes,,,1,,,,,,,,,,,,
COD,,Aug-19,August,2019,Health programmes,,,1,,,,,,,,,,,,
COD,,Aug-19,August,2019,Health programmes,,,1,,,,,,,,,,,,
COD,,Aug-19,August,2019,Health programmes,,,1,,,,,,,,,,,,
COD,,Aug-19,August,2019,Health programmes,,,1,,,,,,,,,,,,
COD,,Aug-19,August,2019,Health programmes,,,1,,,,,,,,,,,,
COD,,Aug-19,August,2019,Health programmes,,,1,,,,,,,,,,,,
COD,,Aug-19,August,2019,Health programmes,,,1,,,,,,,,,,,,
COD,,Aug-19,August,2019,Health programmes,,,1,,,,,,,,,,,,
COD,,Aug-19,August,2019,Health programmes,,,1,,,,,,,,,,,,
COD,,Aug-19,August,2019,Infrastructure ,,,,,,,,,,,,,,,
COD,,Aug-19,August,2019,Individuals,,,1,,,,,,,,,,,,
COD,,Aug-19,August,2019,Individuals,,,,,,,,,,,,,,,
COD,,Aug-19,August,2019,Health programmes,,,1,,,,,,,,,,,,
COD,,Aug-19,August,2019,Health programmes,,,1,,,,,,,,,,,,
COD,,Aug-19,August,2019,Health programmes,,,1,2,,,,,,,,,,,
COD,North Kivu,Aug-19,August,2019,Individuals,1,,,,,,,,,,,,,,
COD,,Sep-19,September,2019,Unclassified,,,,,,,,,,,,,,,
COD,,Sep-19,September,2019,Unclassified,,,,,,,,,,,,,,,
COD,,Sep-19,September,2019,Infrastructure ,,,,,,,,,,,,,,,
COD,,Sep-19,September,2019,Health programmes,,,1,,,,,,,,,,,,
COD,,Sep-19,September,2019,Infrastructure ,,,,,,,,,,,,,,,
COD,,Sep-19,September,2019,Health programmes,,,1,,,,,,,,,,,,
COD,,Sep-19,September,2019,Health programmes,,,1,,,,,,,,,,,,
COD,,Sep-19,September,2019,Health programmes,,,1,,,,,,,,,,,,
COD,,Sep-19,September,2019,Individuals,,,,,,,,,,,,,,,
COD,,Sep-19,September,2019,Individuals,,,1,,,,,,,,,,,,
COD,,Sep-19,September,2019,Health programmes,,,1,,,,,,,,,,,,
COD,,Sep-19,September,2019,Health programmes,,,1,,,,,,,,,,,,
COD,,Sep-19,September,2019,Infrastructure ,,,,,,,,,,,,,,,
COD,,Sep-19,September,2019,Infrastructure ,,,,,,,,,,,,,,,
COD,,Sep-19,September,2019,Health programmes,,,1,,,,,,,,,,,,
COD,,Sep-19,September,2019,Infrastructure ,,,,,,,,1,,,,,,,
COD,,Sep-19,September,2019,Health programmes,,,1,,,,,,,,,,,,
COD,,Sep-19,September,2019,Health programmes,,,1,,,,,,,,,,,,
COD,,Sep-19,September,2019,Health programmes,,,1,,,,,,,,,,,,
COD,,Sep-19,September,2019,Health programmes,,,1,,,,,,,,,,,,
COD,,Sep-19,September,2019,Infrastructure ,,,,,,,,1,,,,,,,
COD,,Sep-19,September,2019,Health programmes,,,1,,,,,,,,,,,,
COD,,Sep-19,September,2019,Health programmes,,,1,,,,,,,,,,,,
COD,,Sep-19,September,2019,Health programmes,,,1,,,,,,,,,,,,
COD,Ituri,Sep-19,September,2019,Health programmes,,,,,,,,,,,,,,,
COD,,Oct-19,October,2019,Health programmes,,,1,,,,,,,,,,,,
COD,,Oct-19,October,2019,Health programmes,,,1,1,,,,,,,,,,,
COD,,Oct-19,October,2019,Health programmes,,,1,,,,,,,,,,,,
COD,,Oct-19,October,2019,Health programmes,,,1,,1,,,,,,,,,,
COD,,Oct-19,October,2019,Unclassified,,,,,,,,,,,,,,,
COD,,Oct-19,October,2019,Unclassified,,,,,,,,,,,,,,,
COD,,Oct-19,October,2019,Unclassified,,,,,,,,,,,,,,,
COD,,Oct-19,October,2019,Health programmes,,,1,,,,,,,,,,,,
COD,,Oct-19,October,2019,Health programmes,,,1,,,,,,,,,,,,
COD,,Oct-19,October,2019,Unclassified,,,,,,,,,,,,,,,
COD,,Oct-19,October,2019,Health programmes,,,1,,,,,,,,,,,,
COD,,Oct-19,October,2019,Health programmes,,,1,,,,,,,,,,,,
COD,,Oct-19,October,2019,Health programmes,,,1,,1,,,,,,,,,,
COD,,Oct-19,October,2019,Infrastructure ,,,,,,,,,,,,,,,
COD,,Oct-19,October,2019,Health programmes,,,1,,,,,,,,,,,,
COD,,Oct-19,October,2019,Looting and common crime,,,,,,,,,1,,,,,,
COD,,Oct-19,October,2019,Infrastructure ,,,,,,,,1,,,,,,,
COD,,Oct-19,October,2019,Health programmes,,,1,,,,,,,,,,,,
COD,,Oct-19,October,2019,Health programmes,,,1,,,,,,,,,,,,
COD,,Oct-19,October,2019,Health programmes,,,1,,,,,,,,,,,,
COD,,Oct-19,October,2019,Health programmes,,,1,,,,,,,,,,,,
COD,,Oct-19,October,2019,Health programmes,,,1,,,,,,,,,,,,
COD,,Oct-19,October,2019,Health programmes,,,1,,,,,,,,,,,,
COD,,Oct-19,October,2019,Health programmes,,,1,,,,,,,,,,,,
COD,,Oct-19,October,2019,Health programmes,,,1,,,,,,,,,,,,
COD,,Oct-19,October,2019,Health programmes,,,1,,,,,,,,,,,,
COD,,Oct-19,October,2019,Health programmes,,,1,,,,,,,,,,,,
COD,,Oct-19,October,2019,Infrastructure ,,,1,,,,,1,,,,,,,
COD,,Oct-19,October,2019,Health programmes,,,1,,,,,,,,,,,,
COD,,Oct-19,October,2019,Infrastructure ,,,,,,,,1,,,,,,,
COD,,Oct-19,October,2019,Health programmes,,,1,,2,,,,,,,,,,
COD,,Oct-19,October,2019,Health programmes,,,1,,,,,,,,,,,,
COD,North Kivu,May-19,May,2019,Health programmes,1,,,,,,,,,,,,,,
COD,,Nov-19,November,2019,Infrastructure ,,,1,,,,,1,,,,,,,
COD,,Nov-19,November,2019,Health programmes,,,1,,,,,,,,,,,,
COD,,Nov-19,November,2019,Health programmes,,,1,,1,,,,,,,,,,
COD,,Nov-19,November,2019,Health programmes,,,1,,,,,,,,,,,,
COD,,Nov-19,November,2019,Infrastructure ,,,,,,,,,,,,,,,
COD,,Nov-19,November,2019,Health programmes,,,1,1,,,,,,,,,,,
COD,,Nov-19,November,2019,Looting and common crime,,,,,,,,,1,,,,,,
COD,,Nov-19,November,2019,Health programmes,,,1,,,,,,,,,,,,
COD,,Nov-19,November,2019,Infrastructure ,,,,,,,,,,,,,,,
COD,,Nov-19,November,2019,Looting and common crime,,,,,,,,,1,,,,,,
COD,,Nov-19,November,2019,Health programmes,,,1,,1,,,,,,,,,,
COD,,Nov-19,November,2019,Health programmes,,,1,,,,,,,,,,,,
COD,,Nov-19,November,2019,Health programmes,,,1,,,,,,,,,,,,
COD,North Kivu,Nov-19,November,2019,Health programmes,,,,,,,,,,,,,,,
COD,,Nov-19,November,2019,Individuals,3,,,5,,,,,,,,,,,
COD,,Nov-19,November,2019,Individuals,1,,,4,,,,,,,,,,,
COD,,Nov-19,November,2019,Individuals,,,1,,,1,,,,,,,,,
COD,,Nov-19,November,2019,Health programmes,,,1,,,,,,,,,,,,
COD,,Nov-19,November,2019,Health programmes,,,1,,,,,,,,,,,,
COD,,Nov-19,November,2019,Unclassified,,,,,,,,1,,,,,,,
COD,,Nov-19,November,2019,Unclassified,,,,,,,,,,,,,,,
COD,,Nov-19,November,2019,Infrastructure ,,,,,,,,1,,,,,,,
COD,,Nov-19,November,2019,Unclassified,,,,,,,,,,,,,,,
COD,,Nov-19,November,2019,Health programmes,,,1,,,,,,,,,,,,
COD,,Nov-19,November,2019,Health programmes,,,1,,,,,,,,,,,,
COD,,Nov-19,November,2019,Infrastructure ,,,,,,,,,,,,,,,
