admin1,MMWRyear,MMWRweek,,
Bas-Uele,2017,40,,
Bas-Uele,2017,29,,
Bas-Uele,2017,25,,
Bas-Uele,2017,24,,
Bas-Uele,2017,23,,
Bas-Uele,2017,22,,
Bas-Uele,2017,20,,
Bas-Uele,2017,19,,
Bas-Uele,2017,10,,
Bas-Uele,2017,8,,
Bas-Uele,2017,4,,
Bas-Uele,2017,3,,
Bas-Uele,2017,2,,
Bas-Uele,2017,1,,
Equateur,2011,50,,
Equateur,2011,41,,
Equateur,2011,21,,
Equateur,2011,18,,
Equateur,2012,52,,
Equateur,2012,50,,
Equateur,2012,49,,
Equateur,2012,42,,
Equateur,2012,40,,
Equateur,2012,29,,
Equateur,2012,27,,
Equateur,2012,25,,
Equateur,2012,6,,
Equateur,2012,1,,
Equateur,2016,52,,
Equateur,2016,40,,
Equateur,2016,38,,
Equateur,2016,34,,
Equateur,2016,32,,
Equateur,2016,21,,
Equateur,2016,2,,
Equateur,2017,47,,
Equateur,2017,31,,
Equateur,2017,27,,
Equateur,2017,22,,
Equateur,2017,21,,
Equateur,2017,15,,
Equateur,2017,4,,
Equateur,2018,36,,
Equateur,2018,23,,
Equateur,2018,10,,
Equateur,2018,9,,
Equateur,2018,4,,
Haut-Katanga,2010,48,,
Haut-Katanga,2010,47,,
Haut-Katanga,2012,51,,
Haut-Katanga,2012,50,,
Haut-Katanga,2012,49,,
Haut-Katanga,2012,48,,
Haut-Katanga,2012,47,,
Haut-Katanga,2012,46,,
Haut-Katanga,2012,43,,
Haut-Katanga,2012,41,,
Haut-Katanga,2012,34,,
Haut-Katanga,2012,32,,
Haut-Katanga,2012,31,,
Haut-Katanga,2012,29,,
Haut-Katanga,2012,27,,
Haut-Katanga,2012,23,,
Haut-Katanga,2012,22,,
Haut-Katanga,2012,16,,
Haut-Katanga,2012,8,,
Haut-Katanga,2012,7,,
Haut-Katanga,2013,52,,
Haut-Katanga,2013,51,,
Haut-Katanga,2013,49,,
Haut-Katanga,2013,48,,
Haut-Katanga,2013,44,,
Haut-Katanga,2013,43,,
Haut-Katanga,2013,42,,
Haut-Katanga,2013,39,,
Haut-Katanga,2013,37,,
Haut-Katanga,2013,33,,
Haut-Katanga,2013,32,,
Haut-Katanga,2013,31,,
Haut-Katanga,2013,28,,
Haut-Katanga,2013,26,,
Haut-Katanga,2013,25,,
Haut-Katanga,2013,20,,
Haut-Katanga,2013,19,,
Haut-Katanga,2013,18,,
Haut-Katanga,2013,17,,
Haut-Katanga,2013,16,,
Haut-Katanga,2013,15,,
Haut-Katanga,2013,14,,
Haut-Katanga,2013,12,,
Haut-Katanga,2013,10,,
Haut-Katanga,2013,9,,
Haut-Katanga,2013,8,,
Haut-Katanga,2013,7,,
Haut-Katanga,2013,6,,
Haut-Katanga,2013,5,,
Haut-Katanga,2013,4,,
Haut-Katanga,2013,2,,
Haut-Katanga,2013,1,,
Haut-Katanga,2014,53,,
Haut-Katanga,2014,52,,
Haut-Katanga,2014,51,,
Haut-Katanga,2014,47,,
Haut-Katanga,2014,45,,
Haut-Katanga,2014,44,,
Haut-Katanga,2014,43,,
Haut-Katanga,2014,41,,
Haut-Katanga,2014,40,,
Haut-Katanga,2014,39,,
Haut-Katanga,2014,38,,
Haut-Katanga,2014,37,,
Haut-Katanga,2014,36,,
Haut-Katanga,2014,35,,
Haut-Katanga,2014,33,,
Haut-Katanga,2014,32,,
Haut-Katanga,2014,31,,
Haut-Katanga,2014,30,,
Haut-Katanga,2014,28,,
Haut-Katanga,2014,27,,
Haut-Katanga,2014,25,,
Haut-Katanga,2014,24,,
Haut-Katanga,2014,22,,
Haut-Katanga,2014,20,,
Haut-Katanga,2014,19,,
Haut-Katanga,2014,18,,
Haut-Katanga,2014,17,,
Haut-Katanga,2014,16,,
Haut-Katanga,2014,15,,
Haut-Katanga,2014,13,,
Haut-Katanga,2014,12,,
Haut-Katanga,2014,11,,
Haut-Katanga,2014,9,,
Haut-Katanga,2014,8,,
Haut-Katanga,2014,7,,
Haut-Katanga,2014,5,,
Haut-Katanga,2014,4,,
Haut-Katanga,2014,2,,
Haut-Katanga,2014,1,,
Haut-Katanga,2015,52,,
Haut-Katanga,2015,50,,
Haut-Katanga,2015,48,,
Haut-Katanga,2015,46,,
Haut-Katanga,2015,45,,
Haut-Katanga,2015,44,,
Haut-Katanga,2015,43,,
Haut-Katanga,2015,38,,
Haut-Katanga,2015,37,,
Haut-Katanga,2015,35,,
Haut-Katanga,2015,33,,
Haut-Katanga,2015,27,,
Haut-Katanga,2015,21,,
Haut-Katanga,2015,20,,
Haut-Katanga,2015,19,,
Haut-Katanga,2015,17,,
Haut-Katanga,2015,12,,
Haut-Katanga,2015,11,,
Haut-Katanga,2015,9,,
Haut-Katanga,2015,8,,
Haut-Katanga,2015,7,,
Haut-Katanga,2015,4,,
Haut-Katanga,2015,3,,
Haut-Katanga,2016,51,,
Haut-Katanga,2016,48,,
Haut-Katanga,2016,46,,
Haut-Katanga,2016,43,,
Haut-Katanga,2016,42,,
Haut-Katanga,2016,41,,
Haut-Katanga,2016,37,,
Haut-Katanga,2016,36,,
Haut-Katanga,2016,35,,
Haut-Katanga,2016,34,,
Haut-Katanga,2016,32,,
Haut-Katanga,2016,31,,
Haut-Katanga,2016,30,,
Haut-Katanga,2016,29,,
Haut-Katanga,2016,28,,
Haut-Katanga,2016,27,,
Haut-Katanga,2016,25,,
Haut-Katanga,2016,19,,
Haut-Katanga,2016,17,,
Haut-Katanga,2016,16,,
Haut-Katanga,2016,13,,
Haut-Katanga,2016,10,,
Haut-Katanga,2016,7,,
Haut-Katanga,2016,3,,
Haut-Katanga,2016,1,,
Haut-Katanga,2018,50,,
Haut-Katanga,2018,48,,
Haut-Katanga,2018,43,,
Haut-Katanga,2018,41,,
Haut-Katanga,2018,40,,
Haut-Katanga,2018,36,,
Haut-Katanga,2018,35,,
Haut-Katanga,2018,32,,
Haut-Katanga,2018,30,,
Haut-Katanga,2018,28,,
Haut-Katanga,2018,27,,
Haut-Katanga,2018,22,,
Haut-Katanga,2018,21,,
Haut-Katanga,2018,20,,
Haut-Katanga,2018,18,,
Haut-Katanga,2018,17,,
Haut-Katanga,2018,16,,
Haut-Katanga,2018,15,,
Haut-Katanga,2018,13,,
Haut-Katanga,2018,10,,
Haut-Katanga,2018,9,,
Haut-Katanga,2018,6,,
Haut-Katanga,2018,4,,
Haut-Katanga,2018,3,,
Haut-Katanga,2019,51,,
Haut-Katanga,2019,50,,
Haut-Katanga,2019,49,,
Haut-Katanga,2019,47,,
Haut-Katanga,2019,46,,
Haut-Katanga,2019,45,,
Haut-Katanga,2019,42,,
Haut-Katanga,2019,41,,
Haut-Katanga,2019,40,,
Haut-Katanga,2019,39,,
Haut-Katanga,2019,34,,
Haut-Katanga,2019,31,,
Haut-Katanga,2019,28,,
Haut-Katanga,2019,26,,
Haut-Katanga,2019,25,,
Haut-Katanga,2019,24,,
Haut-Katanga,2019,23,,
Haut-Katanga,2019,22,,
Haut-Katanga,2019,21,,
Haut-Katanga,2019,20,,
Haut-Katanga,2019,19,,
Haut-Katanga,2019,15,,
Haut-Katanga,2019,14,,
Haut-Katanga,2019,13,,
Haut-Katanga,2019,9,,
Haut-Katanga,2019,5,,
Haut-Katanga,2019,4,,
Haut-Katanga,2019,3,,
Haut-Katanga,2019,2,,
Haut-Katanga,2019,1,,
Haut-Katanga,2020,20,,
Haut-Katanga,2020,19,,
Haut-Katanga,2020,17,,
Haut-Katanga,2020,14,,
Haut-Katanga,2020,13,,
Haut-Katanga,2020,12,,
Haut-Katanga,2020,11,,
Haut-Katanga,2020,10,,
Haut-Katanga,2020,5,,
Haut-Katanga,2020,4,,
Haut-Katanga,2020,3,,
Haut-Lomami,2014,49,,
Haut-Lomami,2014,43,,
Haut-Lomami,2014,38,,
Haut-Lomami,2014,37,,
Haut-Lomami,2014,31,,
Haut-Lomami,2014,30,,
Haut-Lomami,2014,29,,
Haut-Lomami,2014,14,,
Haut-Lomami,2014,11,,
Haut-Lomami,2014,9,,
Haut-Lomami,2016,44,,
Haut-Lomami,2016,42,,
Haut-Lomami,2016,38,,
Haut-Lomami,2016,33,,
Haut-Lomami,2016,24,,
Haut-Lomami,2016,23,,
Haut-Lomami,2017,51,,
Haut-Lomami,2017,21,,
Haut-Lomami,2017,15,,
Haut-Lomami,2017,12,,
Haut-Lomami,2019,48,,
Haut-Lomami,2019,45,,
Haut-Lomami,2019,29,,
Haut-Lomami,2020,19,,
Ituri,2011,51,,
Ituri,2011,44,,
Ituri,2011,43,,
Ituri,2011,42,,
Ituri,2011,41,,
Ituri,2011,40,,
Ituri,2011,39,,
Ituri,2011,38,,
Ituri,2011,37,,
Ituri,2011,36,,
Ituri,2011,34,,
Ituri,2011,31,,
Ituri,2011,30,,
Ituri,2011,27,,
Ituri,2011,23,,
Ituri,2011,22,,
Ituri,2011,21,,
Ituri,2011,20,,
Ituri,2011,19,,
Ituri,2011,18,,
Ituri,2011,16,,
Ituri,2011,14,,
Ituri,2011,13,,
Ituri,2011,9,,
Ituri,2011,8,,
Ituri,2011,3,,
Ituri,2011,2,,
Ituri,2011,1,,
Ituri,2012,51,,
Ituri,2012,50,,
Ituri,2012,49,,
Ituri,2012,48,,
Ituri,2012,47,,
Ituri,2012,46,,
Ituri,2012,45,,
Ituri,2012,44,,
Ituri,2012,43,,
Ituri,2012,42,,
Ituri,2012,39,,
Ituri,2012,38,,
Ituri,2012,37,,
Ituri,2012,36,,
Ituri,2012,35,,
Ituri,2012,34,,
Ituri,2012,33,,
Ituri,2012,32,,
Ituri,2012,31,,
Ituri,2012,30,,
Ituri,2012,28,,
Ituri,2012,27,,
Ituri,2012,26,,
Ituri,2012,24,,
Ituri,2012,22,,
Ituri,2012,21,,
Ituri,2012,20,,
Ituri,2012,18,,
Ituri,2012,15,,
Ituri,2012,11,,
Ituri,2012,10,,
Ituri,2012,8,,
Ituri,2012,7,,
Ituri,2012,1,,
Ituri,2013,50,,
Ituri,2013,48,,
Ituri,2013,47,,
Ituri,2013,46,,
Ituri,2013,44,,
Ituri,2013,43,,
Ituri,2013,42,,
Ituri,2013,41,,
Ituri,2013,40,,
Ituri,2013,39,,
Ituri,2013,38,,
Ituri,2013,35,,
Ituri,2013,34,,
Ituri,2013,33,,
Ituri,2013,32,,
Ituri,2013,31,,
Ituri,2013,29,,
Ituri,2013,27,,
Ituri,2013,26,,
Ituri,2013,23,,
Ituri,2013,21,,
Ituri,2013,18,,
Ituri,2013,16,,
Ituri,2013,15,,
Ituri,2013,14,,
Ituri,2013,11,,
Ituri,2013,9,,
Ituri,2013,8,,
Ituri,2013,7,,
Ituri,2013,6,,
Ituri,2013,4,,
Ituri,2013,2,,
Ituri,2015,52,,
Ituri,2015,51,,
Ituri,2015,50,,
Ituri,2015,49,,
Ituri,2015,48,,
Ituri,2015,46,,
Ituri,2015,45,,
Ituri,2015,44,,
Ituri,2015,43,,
Ituri,2015,42,,
Ituri,2015,41,,
Ituri,2015,40,,
Ituri,2015,39,,
Ituri,2015,38,,
Ituri,2015,36,,
Ituri,2015,35,,
Ituri,2015,34,,
Ituri,2015,31,,
Ituri,2015,30,,
Ituri,2015,29,,
Ituri,2015,28,,
Ituri,2015,27,,
Ituri,2015,26,,
Ituri,2015,24,,
Ituri,2015,23,,
Ituri,2015,22,,
Ituri,2015,21,,
Ituri,2015,20,,
Ituri,2015,19,,
Ituri,2015,18,,
Ituri,2015,17,,
Ituri,2015,16,,
Ituri,2015,15,,
Ituri,2015,14,,
Ituri,2015,13,,
Ituri,2015,12,,
Ituri,2015,11,,
Ituri,2015,10,,
Ituri,2015,9,,
Ituri,2015,8,,
Ituri,2015,7,,
Ituri,2015,6,,
Ituri,2015,5,,
Ituri,2015,4,,
Ituri,2015,2,,
Ituri,2016,52,,
Ituri,2016,49,,
Ituri,2016,48,,
Ituri,2016,46,,
Ituri,2016,45,,
Ituri,2016,44,,
Ituri,2016,43,,
Ituri,2016,42,,
Ituri,2016,41,,
Ituri,2016,40,,
Ituri,2016,37,,
Ituri,2016,36,,
Ituri,2016,35,,
Ituri,2016,34,,
Ituri,2016,33,,
Ituri,2016,31,,
Ituri,2016,30,,
Ituri,2016,29,,
Ituri,2016,28,,
Ituri,2016,27,,
Ituri,2016,26,,
Ituri,2016,25,,
Ituri,2016,23,,
Ituri,2016,22,,
Ituri,2016,21,,
Ituri,2016,20,,
Ituri,2016,19,,
Ituri,2016,18,,
Ituri,2016,16,,
Ituri,2016,15,,
Ituri,2016,14,,
Ituri,2016,13,,
Ituri,2016,12,,
Ituri,2016,11,,
Ituri,2016,10,,
Ituri,2016,9,,
Ituri,2016,8,,
Ituri,2016,6,,
Ituri,2016,5,,
Ituri,2016,4,,
Ituri,2016,3,,
Ituri,2016,2,,
Ituri,2016,1,,
Ituri,2017,52,,
Ituri,2017,51,,
Ituri,2017,50,,
Ituri,2017,49,,
Ituri,2017,46,,
Ituri,2017,45,,
Ituri,2017,44,,
Ituri,2017,43,,
Ituri,2017,41,,
Ituri,2017,40,,
Ituri,2017,38,,
Ituri,2017,37,,
Ituri,2017,33,,
Ituri,2017,31,,
Ituri,2017,30,,
Ituri,2017,29,,
Ituri,2017,28,,
Ituri,2017,26,,
Ituri,2017,25,,
Ituri,2017,24,,
Ituri,2017,23,,
Ituri,2017,22,,
Ituri,2017,20,,
Ituri,2017,19,,
Ituri,2017,18,,
Ituri,2017,17,,
Ituri,2017,16,,
Ituri,2017,15,,
Ituri,2017,13,,
Ituri,2017,12,,
Ituri,2017,11,,
Ituri,2017,10,,
Ituri,2017,9,,
Ituri,2017,8,,
Ituri,2017,7,,
Ituri,2017,6,,
Ituri,2017,5,,
Ituri,2017,3,,
Ituri,2017,2,,
Ituri,2018,50,,
Ituri,2018,49,,
Ituri,2018,48,,
Ituri,2018,45,,
Ituri,2018,44,,
Ituri,2018,43,,
Ituri,2018,42,,
Ituri,2018,41,,
Ituri,2018,40,,
Ituri,2018,39,,
Ituri,2018,38,,
Ituri,2018,37,,
Ituri,2018,36,,
Ituri,2018,35,,
Ituri,2018,34,,
Ituri,2018,33,,
Ituri,2018,32,,
Ituri,2018,31,,
Ituri,2018,30,,
Ituri,2018,29,,
Ituri,2018,28,,
Ituri,2018,27,,
Ituri,2018,25,,
Ituri,2018,24,,
Ituri,2018,22,,
Ituri,2018,21,,
Ituri,2018,20,,
Ituri,2018,19,,
Ituri,2018,18,,
Ituri,2018,17,,
Ituri,2018,16,,
Ituri,2018,15,,
Ituri,2018,14,,
Ituri,2018,12,,
Ituri,2018,11,,
Ituri,2018,10,,
Ituri,2018,9,,
Ituri,2018,8,,
Ituri,2018,7,,
Ituri,2018,6,,
Ituri,2018,5,,
Ituri,2018,4,,
Ituri,2018,3,,
Ituri,2018,2,,
Ituri,2018,1,,
Kasaï,2017,45,,
Kasaï,2017,43,,
Kasaï,2017,31,,
Kasaï,2017,28,,
Kasaï,2017,20,,
Kasaï,2017,19,,
Kasaï,2017,18,,
Kasaï,2017,17,,
Kasaï,2017,16,,
Kasaï,2017,15,,
Kasaï,2017,14,,
Kasaï,2017,13,,
Kasaï,2017,12,,
Kasaï,2019,50,,
Kasaï,2019,48,,
Kasaï,2019,42,,
Kasaï,2019,39,,
Kasaï,2019,37,,
Kasaï,2019,30,,
Kasaï,2019,29,,
Kasaï,2019,23,,
Kasaï,2019,10,,
Kasaï,2019,9,,
Kasaï,2019,8,,
Kasaï,2019,7,,
Kasaï,2019,6,,
Kasaï,2019,5,,
Kasaï,2019,4,,
Kasaï,2019,2,,
Kasaï,2019,1,,
Kasaï-Oriental,2018,50,,
Kasaï-Oriental,2018,48,,
Kasaï-Oriental,2018,43,,
Kasaï-Oriental,2018,36,,
Kasaï-Oriental,2018,9,,
Kasaï-Oriental,2018,4,,
Kasaï-Oriental,2018,3,,
Kasaï-Oriental,2020,19,,
Kasaï-Oriental,2020,15,,
Kasaï-Oriental,2020,14,,
Kasaï-Oriental,2020,10,,
Kasaï-Oriental,2020,7,,
Kasaï-Oriental,2020,4,,
Kinshasa,2011,51,,
Kinshasa,2011,50,,
Kinshasa,2011,49,,
Kinshasa,2011,48,,
Kinshasa,2011,47,,
Kinshasa,2011,46,,
Kinshasa,2011,43,,
Kinshasa,2011,42,,
Kinshasa,2011,41,,
Kinshasa,2011,40,,
Kinshasa,2011,39,,
Kinshasa,2011,36,,
Kinshasa,2011,35,,
Kinshasa,2011,34,,
Kinshasa,2011,33,,
Kinshasa,2011,32,,
Kinshasa,2011,30,,
Kinshasa,2011,27,,
Kinshasa,2011,22,,
Kinshasa,2011,18,,
Kinshasa,2011,17,,
Kinshasa,2011,16,,
Kinshasa,2011,9,,
Kinshasa,2011,5,,
Kinshasa,2011,2,,
Kinshasa,2012,52,,
Kinshasa,2012,48,,
Kinshasa,2012,47,,
Kinshasa,2012,44,,
Kinshasa,2012,43,,
Kinshasa,2012,42,,
Kinshasa,2012,41,,
Kinshasa,2012,40,,
Kinshasa,2012,37,,
Kinshasa,2012,33,,
Kinshasa,2012,30,,
Kinshasa,2012,28,,
Kinshasa,2012,25,,
Kinshasa,2012,22,,
Kinshasa,2012,21,,
Kinshasa,2012,19,,
Kinshasa,2012,12,,
Kinshasa,2012,11,,
Kinshasa,2012,10,,
Kinshasa,2012,7,,
Kinshasa,2012,6,,
Kinshasa,2012,4,,
Kinshasa,2016,52,,
Kinshasa,2016,51,,
Kinshasa,2016,50,,
Kinshasa,2016,48,,
Kinshasa,2016,46,,
Kinshasa,2016,45,,
Kinshasa,2016,44,,
Kinshasa,2016,43,,
Kinshasa,2016,42,,
Kinshasa,2016,41,,
Kinshasa,2016,39,,
Kinshasa,2016,38,,
Kinshasa,2016,36,,
Kinshasa,2016,35,,
Kinshasa,2016,34,,
Kinshasa,2016,33,,
Kinshasa,2016,32,,
Kinshasa,2016,31,,
Kinshasa,2016,30,,
Kinshasa,2016,27,,
Kinshasa,2016,26,,
Kinshasa,2016,25,,
Kinshasa,2016,23,,
Kinshasa,2016,22,,
Kinshasa,2016,21,,
Kinshasa,2016,20,,
Kinshasa,2016,19,,
Kinshasa,2016,17,,
Kinshasa,2016,16,,
Kinshasa,2016,12,,
Kinshasa,2016,11,,
Kinshasa,2016,10,,
Kinshasa,2016,7,,
Kinshasa,2016,5,,
Kinshasa,2016,4,,
Kinshasa,2016,3,,
Kinshasa,2016,1,,
Kinshasa,2017,52,,
Kinshasa,2017,50,,
Kinshasa,2017,49,,
Kinshasa,2017,48,,
Kinshasa,2017,44,,
Kinshasa,2017,43,,
Kinshasa,2017,42,,
Kinshasa,2017,39,,
Kinshasa,2017,38,,
Kinshasa,2017,32,,
Kinshasa,2017,31,,
Kinshasa,2017,29,,
Kinshasa,2017,28,,
Kinshasa,2017,26,,
Kinshasa,2017,23,,
Kinshasa,2017,22,,
Kinshasa,2017,21,,
Kinshasa,2017,20,,
Kinshasa,2017,19,,
Kinshasa,2017,15,,
Kinshasa,2017,14,,
Kinshasa,2017,13,,
Kinshasa,2017,10,,
Kinshasa,2017,9,,
Kinshasa,2017,8,,
Kinshasa,2017,7,,
Kinshasa,2017,5,,
Kinshasa,2018,52,,
Kinshasa,2018,51,,
Kinshasa,2018,50,,
Kinshasa,2018,49,,
Kinshasa,2018,48,,
Kinshasa,2018,47,,
Kinshasa,2018,46,,
Kinshasa,2018,45,,
Kinshasa,2018,44,,
Kinshasa,2018,43,,
Kinshasa,2018,42,,
Kinshasa,2018,41,,
Kinshasa,2018,39,,
Kinshasa,2018,38,,
Kinshasa,2018,37,,
Kinshasa,2018,36,,
Kinshasa,2018,32,,
Kinshasa,2018,31,,
Kinshasa,2018,26,,
Kinshasa,2018,25,,
Kinshasa,2018,24,,
Kinshasa,2018,21,,
Kinshasa,2018,20,,
Kinshasa,2018,19,,
Kinshasa,2018,18,,
Kinshasa,2018,10,,
Kinshasa,2018,9,,
Kinshasa,2018,8,,
Kinshasa,2018,7,,
Kinshasa,2018,6,,
Kinshasa,2018,5,,
Kinshasa,2018,4,,
Kinshasa,2018,2,,
Kinshasa,2018,1,,
Kongo-Central,2012,45,,
Kongo-Central,2012,39,,
Kongo-Central,2012,7,,
Kongo-Central,2017,48,,
Kongo-Central,2017,46,,
Kongo-Central,2017,38,,
Kongo-Central,2017,36,,
Kongo-Central,2017,32,,
Kongo-Central,2017,30,,
Kongo-Central,2017,26,,
Kongo-Central,2017,20,,
Kongo-Central,2017,18,,
Kongo-Central,2017,10,,
Kongo-Central,2017,8,,
Kongo-Central,2017,5,,
Kongo-Central,2017,4,,
Kongo-Central,2018,49,,
Kongo-Central,2018,44,,
Kongo-Central,2018,40,,
Kongo-Central,2018,36,,
Kongo-Central,2018,33,,
Kongo-Central,2018,20,,
Kongo-Central,2018,19,,
Kongo-Central,2018,13,,
Kongo-Central,2018,1,,
Kwilu,2017,51,,
Kwilu,2017,32,,
Kwilu,2017,24,,
Kwilu,2017,21,,
Kwilu,2017,16,,
Kwilu,2017,3,,
Lualaba,2020,13,,
Maï-Ndombe,2011,37,,
Maï-Ndombe,2011,17,,
Maï-Ndombe,2012,25,,
Maï-Ndombe,2016,38,,
Maï-Ndombe,2016,17,,
Maï-Ndombe,2016,7,,
Maï-Ndombe,2017,21,,
Maï-Ndombe,2018,52,,
Maï-Ndombe,2018,51,,
Maï-Ndombe,2018,47,,
Maï-Ndombe,2018,3,,
Maniema,2015,46,,
Maniema,2015,42,,
Maniema,2015,38,,
Maniema,2015,35,,
Maniema,2015,24,,
Maniema,2015,21,,
Maniema,2015,19,,
Maniema,2015,14,,
Maniema,2015,9,,
Maniema,2016,38,,
Maniema,2016,37,,
Maniema,2016,20,,
Maniema,2016,15,,
Maniema,2016,4,,
Maniema,2017,49,,
Maniema,2017,48,,
Maniema,2017,38,,
Maniema,2017,34,,
Maniema,2017,32,,
Maniema,2017,20,,
Maniema,2017,15,,
Maniema,2017,14,,
Maniema,2017,10,,
Maniema,2017,9,,
Maniema,2019,52,,
Maniema,2019,50,,
Maniema,2019,48,,
Maniema,2019,44,,
Maniema,2019,41,,
Maniema,2019,40,,
Maniema,2019,39,,
Maniema,2019,37,,
Maniema,2019,35,,
Maniema,2019,33,,
Maniema,2019,31,,
Maniema,2019,29,,
Maniema,2019,28,,
Maniema,2019,24,,
Maniema,2019,8,,
Maniema,2019,5,,
Maniema,2019,4,,
Maniema,2019,1,,
Mongala,2016,51,,
Mongala,2016,49,,
Mongala,2016,23,,
Mongala,2016,19,,
Mongala,2017,21,,
Nord-Kivu,2011,52,,
Nord-Kivu,2011,51,,
Nord-Kivu,2011,50,,
Nord-Kivu,2011,49,,
Nord-Kivu,2011,48,,
Nord-Kivu,2011,47,,
Nord-Kivu,2011,46,,
Nord-Kivu,2011,45,,
Nord-Kivu,2011,44,,
Nord-Kivu,2011,43,,
Nord-Kivu,2011,42,,
Nord-Kivu,2011,41,,
Nord-Kivu,2011,40,,
Nord-Kivu,2011,39,,
Nord-Kivu,2011,38,,
Nord-Kivu,2011,37,,
Nord-Kivu,2011,36,,
Nord-Kivu,2011,35,,
Nord-Kivu,2011,33,,
Nord-Kivu,2011,32,,
Nord-Kivu,2011,31,,
Nord-Kivu,2011,30,,
Nord-Kivu,2011,29,,
Nord-Kivu,2011,28,,
Nord-Kivu,2011,27,,
Nord-Kivu,2011,26,,
Nord-Kivu,2011,25,,
Nord-Kivu,2011,24,,
Nord-Kivu,2011,22,,
Nord-Kivu,2011,21,,
Nord-Kivu,2011,20,,
Nord-Kivu,2011,19,,
Nord-Kivu,2011,18,,
Nord-Kivu,2011,17,,
Nord-Kivu,2011,16,,
Nord-Kivu,2011,15,,
Nord-Kivu,2011,14,,
Nord-Kivu,2011,13,,
Nord-Kivu,2011,12,,
Nord-Kivu,2011,11,,
Nord-Kivu,2011,10,,
Nord-Kivu,2011,9,,
Nord-Kivu,2011,8,,
Nord-Kivu,2011,7,,
Nord-Kivu,2011,6,,
Nord-Kivu,2011,5,,
Nord-Kivu,2011,4,,
Nord-Kivu,2011,3,,
Nord-Kivu,2012,52,,
Nord-Kivu,2012,51,,
Nord-Kivu,2012,50,,
Nord-Kivu,2012,49,,
Nord-Kivu,2012,48,,
Nord-Kivu,2012,47,,
Nord-Kivu,2012,46,,
Nord-Kivu,2012,45,,
Nord-Kivu,2012,44,,
Nord-Kivu,2012,43,,
Nord-Kivu,2012,42,,
Nord-Kivu,2012,41,,
Nord-Kivu,2012,40,,
Nord-Kivu,2012,39,,
Nord-Kivu,2012,38,,
Nord-Kivu,2012,37,,
Nord-Kivu,2012,36,,
Nord-Kivu,2012,35,,
Nord-Kivu,2012,34,,
Nord-Kivu,2012,33,,
Nord-Kivu,2012,32,,
Nord-Kivu,2012,31,,
Nord-Kivu,2012,30,,
Nord-Kivu,2012,29,,
Nord-Kivu,2012,28,,
Nord-Kivu,2012,27,,
Nord-Kivu,2012,26,,
Nord-Kivu,2012,25,,
Nord-Kivu,2012,24,,
Nord-Kivu,2012,23,,
Nord-Kivu,2012,22,,
Nord-Kivu,2012,21,,
Nord-Kivu,2012,20,,
Nord-Kivu,2012,19,,
Nord-Kivu,2012,18,,
Nord-Kivu,2012,17,,
Nord-Kivu,2012,15,,
Nord-Kivu,2012,14,,
Nord-Kivu,2012,13,,
Nord-Kivu,2012,12,,
Nord-Kivu,2012,11,,
Nord-Kivu,2012,10,,
Nord-Kivu,2012,9,,
Nord-Kivu,2012,7,,
Nord-Kivu,2012,5,,
Nord-Kivu,2012,4,,
Nord-Kivu,2012,3,,
Nord-Kivu,2012,2,,
Nord-Kivu,2012,1,,
Nord-Kivu,2013,52,,
Nord-Kivu,2013,51,,
Nord-Kivu,2013,50,,
Nord-Kivu,2013,49,,
Nord-Kivu,2013,48,,
Nord-Kivu,2013,47,,
Nord-Kivu,2013,46,,
Nord-Kivu,2013,45,,
Nord-Kivu,2013,44,,
Nord-Kivu,2013,43,,
Nord-Kivu,2013,42,,
Nord-Kivu,2013,41,,
Nord-Kivu,2013,40,,
Nord-Kivu,2013,39,,
Nord-Kivu,2013,38,,
Nord-Kivu,2013,37,,
Nord-Kivu,2013,36,,
Nord-Kivu,2013,35,,
Nord-Kivu,2013,34,,
Nord-Kivu,2013,33,,
Nord-Kivu,2013,32,,
Nord-Kivu,2013,31,,
Nord-Kivu,2013,30,,
Nord-Kivu,2013,29,,
Nord-Kivu,2013,28,,
Nord-Kivu,2013,27,,
Nord-Kivu,2013,26,,
Nord-Kivu,2013,25,,
Nord-Kivu,2013,24,,
Nord-Kivu,2013,23,,
Nord-Kivu,2013,22,,
Nord-Kivu,2013,21,,
Nord-Kivu,2013,20,,
Nord-Kivu,2013,19,,
Nord-Kivu,2013,18,,
Nord-Kivu,2013,17,,
Nord-Kivu,2013,16,,
Nord-Kivu,2013,15,,
Nord-Kivu,2013,14,,
Nord-Kivu,2013,13,,
Nord-Kivu,2013,12,,
Nord-Kivu,2013,11,,
Nord-Kivu,2013,10,,
Nord-Kivu,2013,9,,
Nord-Kivu,2013,8,,
Nord-Kivu,2013,7,,
Nord-Kivu,2013,6,,
Nord-Kivu,2013,5,,
Nord-Kivu,2013,4,,
Nord-Kivu,2013,3,,
Nord-Kivu,2013,2,,
Nord-Kivu,2013,1,,
Nord-Kivu,2015,52,,
Nord-Kivu,2015,51,,
Nord-Kivu,2015,50,,
Nord-Kivu,2015,49,,
Nord-Kivu,2015,48,,
Nord-Kivu,2015,47,,
Nord-Kivu,2015,46,,
Nord-Kivu,2015,45,,
Nord-Kivu,2015,44,,
Nord-Kivu,2015,43,,
Nord-Kivu,2015,42,,
Nord-Kivu,2015,41,,
Nord-Kivu,2015,40,,
Nord-Kivu,2015,39,,
Nord-Kivu,2015,38,,
Nord-Kivu,2015,37,,
Nord-Kivu,2015,36,,
Nord-Kivu,2015,35,,
Nord-Kivu,2015,34,,
Nord-Kivu,2015,33,,
Nord-Kivu,2015,32,,
Nord-Kivu,2015,31,,
Nord-Kivu,2015,30,,
Nord-Kivu,2015,29,,
Nord-Kivu,2015,28,,
Nord-Kivu,2015,27,,
Nord-Kivu,2015,26,,
Nord-Kivu,2015,25,,
Nord-Kivu,2015,24,,
Nord-Kivu,2015,23,,
Nord-Kivu,2015,22,,
Nord-Kivu,2015,21,,
Nord-Kivu,2015,20,,
Nord-Kivu,2015,19,,
Nord-Kivu,2015,18,,
Nord-Kivu,2015,17,,
Nord-Kivu,2015,16,,
Nord-Kivu,2015,15,,
Nord-Kivu,2015,14,,
Nord-Kivu,2015,13,,
Nord-Kivu,2015,12,,
Nord-Kivu,2015,11,,
Nord-Kivu,2015,10,,
Nord-Kivu,2015,9,,
Nord-Kivu,2015,8,,
Nord-Kivu,2015,7,,
Nord-Kivu,2015,6,,
Nord-Kivu,2015,5,,
Nord-Kivu,2015,4,,
Nord-Kivu,2015,3,,
Nord-Kivu,2015,2,,
Nord-Kivu,2015,1,,
Nord-Kivu,2016,52,,
Nord-Kivu,2016,51,,
Nord-Kivu,2016,50,,
Nord-Kivu,2016,49,,
Nord-Kivu,2016,48,,
Nord-Kivu,2016,47,,
Nord-Kivu,2016,46,,
Nord-Kivu,2016,45,,
Nord-Kivu,2016,44,,
Nord-Kivu,2016,43,,
Nord-Kivu,2016,42,,
Nord-Kivu,2016,41,,
Nord-Kivu,2016,40,,
Nord-Kivu,2016,39,,
Nord-Kivu,2016,38,,
Nord-Kivu,2016,37,,
Nord-Kivu,2016,36,,
Nord-Kivu,2016,34,,
Nord-Kivu,2016,33,,
Nord-Kivu,2016,32,,
Nord-Kivu,2016,31,,
Nord-Kivu,2016,30,,
Nord-Kivu,2016,29,,
Nord-Kivu,2016,28,,
Nord-Kivu,2016,27,,
Nord-Kivu,2016,26,,
Nord-Kivu,2016,25,,
Nord-Kivu,2016,24,,
Nord-Kivu,2016,23,,
Nord-Kivu,2016,22,,
Nord-Kivu,2016,21,,
Nord-Kivu,2016,20,,
Nord-Kivu,2016,19,,
Nord-Kivu,2016,18,,
Nord-Kivu,2016,17,,
Nord-Kivu,2016,16,,
Nord-Kivu,2016,15,,
Nord-Kivu,2016,14,,
Nord-Kivu,2016,13,,
Nord-Kivu,2016,12,,
Nord-Kivu,2016,11,,
Nord-Kivu,2016,10,,
Nord-Kivu,2016,9,,
Nord-Kivu,2016,8,,
Nord-Kivu,2016,7,,
Nord-Kivu,2016,6,,
Nord-Kivu,2016,5,,
Nord-Kivu,2016,4,,
Nord-Kivu,2016,3,,
Nord-Kivu,2016,2,,
Nord-Kivu,2016,1,,
Nord-Kivu,2017,52,,
Nord-Kivu,2017,51,,
Nord-Kivu,2017,50,,
Nord-Kivu,2017,49,,
Nord-Kivu,2017,48,,
Nord-Kivu,2017,47,,
Nord-Kivu,2017,46,,
Nord-Kivu,2017,44,,
Nord-Kivu,2017,43,,
Nord-Kivu,2017,42,,
Nord-Kivu,2017,41,,
Nord-Kivu,2017,40,,
Nord-Kivu,2017,39,,
Nord-Kivu,2017,38,,
Nord-Kivu,2017,37,,
Nord-Kivu,2017,36,,
Nord-Kivu,2017,35,,
Nord-Kivu,2017,34,,
Nord-Kivu,2017,33,,
Nord-Kivu,2017,32,,
Nord-Kivu,2017,31,,
Nord-Kivu,2017,30,,
Nord-Kivu,2017,29,,
Nord-Kivu,2017,28,,
Nord-Kivu,2017,27,,
Nord-Kivu,2017,26,,
Nord-Kivu,2017,25,,
Nord-Kivu,2017,24,,
Nord-Kivu,2017,23,,
Nord-Kivu,2017,22,,
Nord-Kivu,2017,21,,
Nord-Kivu,2017,20,,
Nord-Kivu,2017,19,,
Nord-Kivu,2017,18,,
Nord-Kivu,2017,17,,
Nord-Kivu,2017,16,,
Nord-Kivu,2017,15,,
Nord-Kivu,2017,14,,
Nord-Kivu,2017,13,,
Nord-Kivu,2017,12,,
Nord-Kivu,2017,11,,
Nord-Kivu,2017,10,,
Nord-Kivu,2017,9,,
Nord-Kivu,2017,8,,
Nord-Kivu,2017,7,,
Nord-Kivu,2017,6,,
Nord-Kivu,2017,5,,
Nord-Kivu,2017,4,,
Nord-Kivu,2017,3,,
Nord-Kivu,2017,2,,
Nord-Kivu,2017,1,,
Nord-Kivu,2018,52,,
Nord-Kivu,2018,51,,
Nord-Kivu,2018,50,,
Nord-Kivu,2018,49,,
Nord-Kivu,2018,48,,
Nord-Kivu,2018,47,,
Nord-Kivu,2018,46,,
Nord-Kivu,2018,45,,
Nord-Kivu,2018,44,,
Nord-Kivu,2018,43,,
Nord-Kivu,2018,42,,
Nord-Kivu,2018,41,,
Nord-Kivu,2018,40,,
Nord-Kivu,2018,39,,
Nord-Kivu,2018,38,,
Nord-Kivu,2018,37,,
Nord-Kivu,2018,36,,
Nord-Kivu,2018,35,,
Nord-Kivu,2018,34,,
Nord-Kivu,2018,33,,
Nord-Kivu,2018,32,,
Nord-Kivu,2018,31,,
Nord-Kivu,2018,30,,
Nord-Kivu,2018,29,,
Nord-Kivu,2018,28,,
Nord-Kivu,2018,27,,
Nord-Kivu,2018,26,,
Nord-Kivu,2018,25,,
Nord-Kivu,2018,24,,
Nord-Kivu,2018,23,,
Nord-Kivu,2018,22,,
Nord-Kivu,2018,21,,
Nord-Kivu,2018,20,,
Nord-Kivu,2018,19,,
Nord-Kivu,2018,18,,
Nord-Kivu,2018,17,,
Nord-Kivu,2018,16,,
Nord-Kivu,2018,15,,
Nord-Kivu,2018,14,,
Nord-Kivu,2018,13,,
Nord-Kivu,2018,12,,
Nord-Kivu,2018,11,,
Nord-Kivu,2018,10,,
Nord-Kivu,2018,9,,
Nord-Kivu,2018,8,,
Nord-Kivu,2018,7,,
Nord-Kivu,2018,6,,
Nord-Kivu,2018,5,,
Nord-Kivu,2018,4,,
Nord-Kivu,2018,3,,
Nord-Kivu,2018,2,,
Nord-Kivu,2018,1,,
Nord-Kivu,2019,52,,
Nord-Kivu,2019,51,,
Nord-Kivu,2019,50,,
Nord-Kivu,2019,49,,
Nord-Kivu,2019,48,,
Nord-Kivu,2019,47,,
Nord-Kivu,2019,46,,
Nord-Kivu,2019,45,,
Nord-Kivu,2019,44,,
Nord-Kivu,2019,43,,
Nord-Kivu,2019,42,,
Nord-Kivu,2019,41,,
Nord-Kivu,2019,40,,
Nord-Kivu,2019,39,,
Nord-Kivu,2019,38,,
Nord-Kivu,2019,37,,
Nord-Kivu,2019,36,,
Nord-Kivu,2019,35,,
Nord-Kivu,2019,34,,
Nord-Kivu,2019,33,,
Nord-Kivu,2019,32,,
Nord-Kivu,2019,31,,
Nord-Kivu,2019,30,,
Nord-Kivu,2019,29,,
Nord-Kivu,2019,28,,
Nord-Kivu,2019,27,,
Nord-Kivu,2019,26,,
Nord-Kivu,2019,25,,
Nord-Kivu,2019,24,,
Nord-Kivu,2019,23,,
Nord-Kivu,2019,22,,
Nord-Kivu,2019,21,,
Nord-Kivu,2019,20,,
Nord-Kivu,2019,19,,
Nord-Kivu,2019,18,,
Nord-Kivu,2019,17,,
Nord-Kivu,2019,16,,
Nord-Kivu,2019,15,,
Nord-Kivu,2019,14,,
Nord-Kivu,2019,13,,
Nord-Kivu,2019,12,,
Nord-Kivu,2019,11,,
Nord-Kivu,2019,10,,
Nord-Kivu,2019,9,,
Nord-Kivu,2019,8,,
Nord-Kivu,2019,7,,
Nord-Kivu,2019,6,,
Nord-Kivu,2019,5,,
Nord-Kivu,2019,4,,
Nord-Kivu,2019,3,,
Nord-Kivu,2019,2,,
Nord-Kivu,2019,1,,
Nord-Kivu,2020,20,,
Nord-Kivu,2020,19,,
Nord-Kivu,2020,18,,
Nord-Kivu,2020,17,,
Nord-Kivu,2020,16,,
Nord-Kivu,2020,15,,
Nord-Kivu,2020,14,,
Nord-Kivu,2020,13,,
Nord-Kivu,2020,12,,
Nord-Kivu,2020,11,,
Nord-Kivu,2020,10,,
Nord-Kivu,2020,9,,
Nord-Kivu,2020,8,,
Nord-Kivu,2020,7,,
Nord-Kivu,2020,6,,
Nord-Kivu,2020,5,,
Nord-Kivu,2020,4,,
Nord-Kivu,2020,3,,
Nord-Kivu,2020,2,,
Nord-Kivu,2020,1,,
Nord-Ubangi,2016,30,,
Sud-Kivu,2010,52,,
Sud-Kivu,2010,51,,
Sud-Kivu,2010,45,,
Sud-Kivu,2010,44,,
Sud-Kivu,2010,42,,
Sud-Kivu,2010,40,,
Sud-Kivu,2010,35,,
Sud-Kivu,2010,31,,
Sud-Kivu,2010,25,,
Sud-Kivu,2010,22,,
Sud-Kivu,2010,15,,
Sud-Kivu,2010,14,,
Sud-Kivu,2010,10,,
Sud-Kivu,2010,8,,
Sud-Kivu,2010,7,,
Sud-Kivu,2010,6,,
Sud-Kivu,2010,5,,
Sud-Kivu,2011,51,,
Sud-Kivu,2011,50,,
Sud-Kivu,2011,49,,
Sud-Kivu,2011,48,,
Sud-Kivu,2011,47,,
Sud-Kivu,2011,44,,
Sud-Kivu,2011,43,,
Sud-Kivu,2011,42,,
Sud-Kivu,2011,41,,
Sud-Kivu,2011,40,,
Sud-Kivu,2011,39,,
Sud-Kivu,2011,38,,
Sud-Kivu,2011,37,,
Sud-Kivu,2011,36,,
Sud-Kivu,2011,35,,
Sud-Kivu,2011,34,,
Sud-Kivu,2011,33,,
Sud-Kivu,2011,32,,
Sud-Kivu,2011,31,,
Sud-Kivu,2011,29,,
Sud-Kivu,2011,28,,
Sud-Kivu,2011,27,,
Sud-Kivu,2011,26,,
Sud-Kivu,2011,25,,
Sud-Kivu,2011,24,,
Sud-Kivu,2011,23,,
Sud-Kivu,2011,21,,
Sud-Kivu,2011,20,,
Sud-Kivu,2011,19,,
Sud-Kivu,2011,18,,
Sud-Kivu,2011,16,,
Sud-Kivu,2011,15,,
Sud-Kivu,2011,14,,
Sud-Kivu,2011,13,,
Sud-Kivu,2011,12,,
Sud-Kivu,2011,11,,
Sud-Kivu,2011,10,,
Sud-Kivu,2011,9,,
Sud-Kivu,2011,8,,
Sud-Kivu,2011,7,,
Sud-Kivu,2011,6,,
Sud-Kivu,2011,5,,
Sud-Kivu,2011,4,,
Sud-Kivu,2011,3,,
Sud-Kivu,2011,2,,
Sud-Kivu,2011,1,,
Sud-Kivu,2012,52,,
Sud-Kivu,2012,51,,
Sud-Kivu,2012,50,,
Sud-Kivu,2012,49,,
Sud-Kivu,2012,48,,
Sud-Kivu,2012,47,,
Sud-Kivu,2012,46,,
Sud-Kivu,2012,44,,
Sud-Kivu,2012,43,,
Sud-Kivu,2012,42,,
Sud-Kivu,2012,41,,
Sud-Kivu,2012,40,,
Sud-Kivu,2012,39,,
Sud-Kivu,2012,37,,
Sud-Kivu,2012,36,,
Sud-Kivu,2012,35,,
Sud-Kivu,2012,34,,
Sud-Kivu,2012,33,,
Sud-Kivu,2012,32,,
Sud-Kivu,2012,31,,
Sud-Kivu,2012,30,,
Sud-Kivu,2012,29,,
Sud-Kivu,2012,28,,
Sud-Kivu,2012,25,,
Sud-Kivu,2012,24,,
Sud-Kivu,2012,23,,
Sud-Kivu,2012,22,,
Sud-Kivu,2012,20,,
Sud-Kivu,2012,18,,
Sud-Kivu,2012,17,,
Sud-Kivu,2012,16,,
Sud-Kivu,2012,15,,
Sud-Kivu,2012,14,,
Sud-Kivu,2012,13,,
Sud-Kivu,2012,11,,
Sud-Kivu,2012,10,,
Sud-Kivu,2012,9,,
Sud-Kivu,2012,8,,
Sud-Kivu,2012,6,,
Sud-Kivu,2012,5,,
Sud-Kivu,2012,3,,
Sud-Kivu,2012,2,,
Sud-Kivu,2012,1,,
Sud-Kivu,2013,52,,
Sud-Kivu,2013,51,,
Sud-Kivu,2013,49,,
Sud-Kivu,2013,48,,
Sud-Kivu,2013,47,,
Sud-Kivu,2013,46,,
Sud-Kivu,2013,45,,
Sud-Kivu,2013,44,,
Sud-Kivu,2013,43,,
Sud-Kivu,2013,42,,
Sud-Kivu,2013,41,,
Sud-Kivu,2013,38,,
Sud-Kivu,2013,35,,
Sud-Kivu,2013,34,,
Sud-Kivu,2013,33,,
Sud-Kivu,2013,32,,
Sud-Kivu,2013,31,,
Sud-Kivu,2013,28,,
Sud-Kivu,2013,26,,
Sud-Kivu,2013,25,,
Sud-Kivu,2013,24,,
Sud-Kivu,2013,23,,
Sud-Kivu,2013,22,,
Sud-Kivu,2013,21,,
Sud-Kivu,2013,20,,
Sud-Kivu,2013,19,,
Sud-Kivu,2013,18,,
Sud-Kivu,2013,17,,
Sud-Kivu,2013,16,,
Sud-Kivu,2013,15,,
Sud-Kivu,2013,14,,
Sud-Kivu,2013,13,,
Sud-Kivu,2013,12,,
Sud-Kivu,2013,11,,
Sud-Kivu,2013,10,,
Sud-Kivu,2013,8,,
Sud-Kivu,2013,7,,
Sud-Kivu,2013,6,,
Sud-Kivu,2013,4,,
Sud-Kivu,2013,2,,
Sud-Kivu,2013,1,,
Sud-Kivu,2014,53,,
Sud-Kivu,2014,52,,
Sud-Kivu,2014,50,,
Sud-Kivu,2014,49,,
Sud-Kivu,2014,48,,
Sud-Kivu,2014,47,,
Sud-Kivu,2014,46,,
Sud-Kivu,2014,45,,
Sud-Kivu,2014,44,,
Sud-Kivu,2014,43,,
Sud-Kivu,2014,42,,
Sud-Kivu,2014,41,,
Sud-Kivu,2014,39,,
Sud-Kivu,2014,38,,
Sud-Kivu,2014,37,,
Sud-Kivu,2014,36,,
Sud-Kivu,2014,35,,
Sud-Kivu,2014,34,,
Sud-Kivu,2014,33,,
Sud-Kivu,2014,32,,
Sud-Kivu,2014,31,,
Sud-Kivu,2014,30,,
Sud-Kivu,2014,29,,
Sud-Kivu,2014,28,,
Sud-Kivu,2014,27,,
Sud-Kivu,2014,26,,
Sud-Kivu,2014,25,,
Sud-Kivu,2014,24,,
Sud-Kivu,2014,23,,
Sud-Kivu,2014,21,,
Sud-Kivu,2014,20,,
Sud-Kivu,2014,19,,
Sud-Kivu,2014,17,,
Sud-Kivu,2014,16,,
Sud-Kivu,2014,15,,
Sud-Kivu,2014,14,,
Sud-Kivu,2014,13,,
Sud-Kivu,2014,12,,
Sud-Kivu,2014,11,,
Sud-Kivu,2014,10,,
Sud-Kivu,2014,8,,
Sud-Kivu,2014,7,,
Sud-Kivu,2014,6,,
Sud-Kivu,2014,5,,
Sud-Kivu,2014,4,,
Sud-Kivu,2014,3,,
Sud-Kivu,2014,2,,
Sud-Kivu,2014,1,,
Sud-Kivu,2015,52,,
Sud-Kivu,2015,51,,
Sud-Kivu,2015,50,,
Sud-Kivu,2015,49,,
Sud-Kivu,2015,47,,
Sud-Kivu,2015,46,,
Sud-Kivu,2015,45,,
Sud-Kivu,2015,44,,
Sud-Kivu,2015,42,,
Sud-Kivu,2015,40,,
Sud-Kivu,2015,39,,
Sud-Kivu,2015,38,,
Sud-Kivu,2015,37,,
Sud-Kivu,2015,36,,
Sud-Kivu,2015,35,,
Sud-Kivu,2015,34,,
Sud-Kivu,2015,33,,
Sud-Kivu,2015,32,,
Sud-Kivu,2015,30,,
Sud-Kivu,2015,29,,
Sud-Kivu,2015,27,,
Sud-Kivu,2015,25,,
Sud-Kivu,2015,24,,
Sud-Kivu,2015,23,,
Sud-Kivu,2015,22,,
Sud-Kivu,2015,21,,
Sud-Kivu,2015,20,,
Sud-Kivu,2015,19,,
Sud-Kivu,2015,18,,
Sud-Kivu,2015,17,,
Sud-Kivu,2015,14,,
Sud-Kivu,2015,13,,
Sud-Kivu,2015,12,,
Sud-Kivu,2015,10,,
Sud-Kivu,2015,9,,
Sud-Kivu,2015,8,,
Sud-Kivu,2015,5,,
Sud-Kivu,2015,4,,
Sud-Kivu,2015,3,,
Sud-Kivu,2015,2,,
Sud-Kivu,2015,1,,
Sud-Kivu,2016,52,,
Sud-Kivu,2016,51,,
Sud-Kivu,2016,50,,
Sud-Kivu,2016,49,,
Sud-Kivu,2016,48,,
Sud-Kivu,2016,47,,
Sud-Kivu,2016,46,,
Sud-Kivu,2016,45,,
Sud-Kivu,2016,44,,
Sud-Kivu,2016,43,,
Sud-Kivu,2016,42,,
Sud-Kivu,2016,41,,
Sud-Kivu,2016,39,,
Sud-Kivu,2016,38,,
Sud-Kivu,2016,37,,
Sud-Kivu,2016,36,,
Sud-Kivu,2016,35,,
Sud-Kivu,2016,34,,
Sud-Kivu,2016,33,,
Sud-Kivu,2016,32,,
Sud-Kivu,2016,31,,
Sud-Kivu,2016,30,,
Sud-Kivu,2016,29,,
Sud-Kivu,2016,26,,
Sud-Kivu,2016,25,,
Sud-Kivu,2016,24,,
Sud-Kivu,2016,23,,
Sud-Kivu,2016,21,,
Sud-Kivu,2016,20,,
Sud-Kivu,2016,19,,
Sud-Kivu,2016,18,,
Sud-Kivu,2016,17,,
Sud-Kivu,2016,16,,
Sud-Kivu,2016,15,,
Sud-Kivu,2016,14,,
Sud-Kivu,2016,12,,
Sud-Kivu,2016,11,,
Sud-Kivu,2016,10,,
Sud-Kivu,2016,9,,
Sud-Kivu,2016,8,,
Sud-Kivu,2016,7,,
Sud-Kivu,2016,5,,
Sud-Kivu,2016,4,,
Sud-Kivu,2016,3,,
Sud-Kivu,2016,2,,
Sud-Kivu,2016,1,,
Sud-Kivu,2017,52,,
Sud-Kivu,2017,51,,
Sud-Kivu,2017,49,,
Sud-Kivu,2017,48,,
Sud-Kivu,2017,46,,
Sud-Kivu,2017,45,,
Sud-Kivu,2017,41,,
Sud-Kivu,2017,39,,
Sud-Kivu,2017,38,,
Sud-Kivu,2017,37,,
Sud-Kivu,2017,36,,
Sud-Kivu,2017,35,,
Sud-Kivu,2017,34,,
Sud-Kivu,2017,33,,
Sud-Kivu,2017,32,,
Sud-Kivu,2017,31,,
Sud-Kivu,2017,30,,
Sud-Kivu,2017,27,,
Sud-Kivu,2017,26,,
Sud-Kivu,2017,25,,
Sud-Kivu,2017,24,,
Sud-Kivu,2017,23,,
Sud-Kivu,2017,22,,
Sud-Kivu,2017,21,,
Sud-Kivu,2017,20,,
Sud-Kivu,2017,19,,
Sud-Kivu,2017,18,,
Sud-Kivu,2017,16,,
Sud-Kivu,2017,15,,
Sud-Kivu,2017,13,,
Sud-Kivu,2017,10,,
Sud-Kivu,2017,9,,
Sud-Kivu,2017,7,,
Sud-Kivu,2017,6,,
Sud-Kivu,2017,5,,
Sud-Kivu,2017,4,,
Sud-Kivu,2017,3,,
Sud-Kivu,2017,1,,
Sud-Kivu,2018,52,,
Sud-Kivu,2018,51,,
Sud-Kivu,2018,50,,
Sud-Kivu,2018,49,,
Sud-Kivu,2018,48,,
Sud-Kivu,2018,47,,
Sud-Kivu,2018,46,,
Sud-Kivu,2018,45,,
Sud-Kivu,2018,44,,
Sud-Kivu,2018,43,,
Sud-Kivu,2018,42,,
Sud-Kivu,2018,41,,
Sud-Kivu,2018,40,,
Sud-Kivu,2018,39,,
Sud-Kivu,2018,38,,
Sud-Kivu,2018,37,,
Sud-Kivu,2018,36,,
Sud-Kivu,2018,34,,
Sud-Kivu,2018,33,,
Sud-Kivu,2018,32,,
Sud-Kivu,2018,31,,
Sud-Kivu,2018,30,,
Sud-Kivu,2018,29,,
Sud-Kivu,2018,28,,
Sud-Kivu,2018,27,,
Sud-Kivu,2018,26,,
Sud-Kivu,2018,25,,
Sud-Kivu,2018,24,,
Sud-Kivu,2018,23,,
Sud-Kivu,2018,22,,
Sud-Kivu,2018,21,,
Sud-Kivu,2018,20,,
Sud-Kivu,2018,19,,
Sud-Kivu,2018,18,,
Sud-Kivu,2018,17,,
Sud-Kivu,2018,16,,
Sud-Kivu,2018,15,,
Sud-Kivu,2018,14,,
Sud-Kivu,2018,13,,
Sud-Kivu,2018,12,,
Sud-Kivu,2018,11,,
Sud-Kivu,2018,10,,
Sud-Kivu,2018,9,,
Sud-Kivu,2018,8,,
Sud-Kivu,2018,7,,
Sud-Kivu,2018,6,,
Sud-Kivu,2018,5,,
Sud-Kivu,2018,4,,
Sud-Kivu,2018,3,,
Sud-Kivu,2018,2,,
Sud-Kivu,2018,1,,
Sud-Kivu,2019,52,,
Sud-Kivu,2019,51,,
Sud-Kivu,2019,50,,
Sud-Kivu,2019,49,,
Sud-Kivu,2019,48,,
Sud-Kivu,2019,47,,
Sud-Kivu,2019,46,,
Sud-Kivu,2019,45,,
Sud-Kivu,2019,44,,
Sud-Kivu,2019,43,,
Sud-Kivu,2019,42,,
Sud-Kivu,2019,41,,
Sud-Kivu,2019,40,,
Sud-Kivu,2019,39,,
Sud-Kivu,2019,38,,
Sud-Kivu,2019,37,,
Sud-Kivu,2019,36,,
Sud-Kivu,2019,35,,
Sud-Kivu,2019,34,,
Sud-Kivu,2019,33,,
Sud-Kivu,2019,32,,
Sud-Kivu,2019,31,,
Sud-Kivu,2019,30,,
Sud-Kivu,2019,29,,
Sud-Kivu,2019,28,,
Sud-Kivu,2019,27,,
Sud-Kivu,2019,26,,
Sud-Kivu,2019,25,,
Sud-Kivu,2019,24,,
Sud-Kivu,2019,23,,
Sud-Kivu,2019,22,,
Sud-Kivu,2019,21,,
Sud-Kivu,2019,20,,
Sud-Kivu,2019,19,,
Sud-Kivu,2019,18,,
Sud-Kivu,2019,17,,
Sud-Kivu,2019,16,,
Sud-Kivu,2019,15,,
Sud-Kivu,2019,14,,
Sud-Kivu,2019,13,,
Sud-Kivu,2019,12,,
Sud-Kivu,2019,11,,
Sud-Kivu,2019,10,,
Sud-Kivu,2019,9,,
Sud-Kivu,2019,8,,
Sud-Kivu,2019,7,,
Sud-Kivu,2019,6,,
Sud-Kivu,2019,5,,
Sud-Kivu,2019,4,,
Sud-Kivu,2019,3,,
Sud-Kivu,2019,2,,
Sud-Kivu,2019,1,,
Sud-Kivu,2020,20,,
Sud-Kivu,2020,19,,
Sud-Kivu,2020,18,,
Sud-Kivu,2020,17,,
Sud-Kivu,2020,16,,
Sud-Kivu,2020,15,,
Sud-Kivu,2020,14,,
Sud-Kivu,2020,13,,
Sud-Kivu,2020,12,,
Sud-Kivu,2020,11,,
Sud-Kivu,2020,10,,
Sud-Kivu,2020,9,,
Sud-Kivu,2020,8,,
Sud-Kivu,2020,7,,
Sud-Kivu,2020,6,,
Sud-Kivu,2020,5,,
Sud-Kivu,2020,4,,
Sud-Kivu,2020,3,,
Sud-Kivu,2020,2,,
Sud-Kivu,2020,1,,
Tanganyika,2010,52,,
Tanganyika,2013,51,,
Tanganyika,2013,49,,
Tanganyika,2013,47,,
Tanganyika,2013,45,,
Tanganyika,2013,42,,
Tanganyika,2013,41,,
Tanganyika,2013,36,,
Tanganyika,2013,32,,
Tanganyika,2013,31,,
Tanganyika,2013,28,,
Tanganyika,2013,26,,
Tanganyika,2013,22,,
Tanganyika,2013,21,,
Tanganyika,2013,20,,
Tanganyika,2013,18,,
Tanganyika,2013,16,,
Tanganyika,2013,15,,
Tanganyika,2013,14,,
Tanganyika,2013,12,,
Tanganyika,2013,8,,
Tanganyika,2013,7,,
Tanganyika,2013,2,,
Tanganyika,2013,1,,
Tanganyika,2016,51,,
Tanganyika,2016,49,,
Tanganyika,2016,48,,
Tanganyika,2016,47,,
Tanganyika,2016,46,,
Tanganyika,2016,44,,
Tanganyika,2016,42,,
Tanganyika,2016,41,,
Tanganyika,2016,40,,
Tanganyika,2016,37,,
Tanganyika,2016,36,,
Tanganyika,2016,35,,
Tanganyika,2016,31,,
Tanganyika,2016,29,,
Tanganyika,2016,28,,
Tanganyika,2016,23,,
Tanganyika,2016,21,,
Tanganyika,2016,20,,
Tanganyika,2016,19,,
Tanganyika,2016,18,,
Tanganyika,2016,13,,
Tanganyika,2016,10,,
Tanganyika,2016,7,,
Tanganyika,2016,6,,
Tanganyika,2017,48,,
Tanganyika,2017,46,,
Tanganyika,2017,44,,
Tanganyika,2017,42,,
Tanganyika,2017,41,,
Tanganyika,2017,39,,
Tanganyika,2017,36,,
Tanganyika,2017,34,,
Tanganyika,2017,32,,
Tanganyika,2017,31,,
Tanganyika,2017,30,,
Tanganyika,2017,29,,
Tanganyika,2017,28,,
Tanganyika,2017,26,,
Tanganyika,2017,23,,
Tanganyika,2017,22,,
Tanganyika,2017,20,,
Tanganyika,2017,17,,
Tanganyika,2017,16,,
Tanganyika,2017,15,,
Tanganyika,2017,13,,
Tanganyika,2017,12,,
Tanganyika,2017,10,,
Tanganyika,2017,9,,
Tanganyika,2017,8,,
Tanganyika,2017,7,,
Tanganyika,2017,6,,
Tanganyika,2017,5,,
Tanganyika,2017,3,,
Tanganyika,2017,2,,
Tanganyika,2017,1,,
Tanganyika,2018,52,,
Tanganyika,2018,50,,
Tanganyika,2018,46,,
Tanganyika,2018,44,,
Tanganyika,2018,43,,
Tanganyika,2018,42,,
Tanganyika,2018,40,,
Tanganyika,2018,37,,
Tanganyika,2018,34,,
Tanganyika,2018,32,,
Tanganyika,2018,29,,
Tanganyika,2018,28,,
Tanganyika,2018,26,,
Tanganyika,2018,22,,
Tanganyika,2018,20,,
Tanganyika,2018,19,,
Tanganyika,2018,17,,
Tanganyika,2018,15,,
Tanganyika,2018,14,,
Tanganyika,2018,9,,
Tanganyika,2018,6,,
Tanganyika,2018,5,,
Tanganyika,2018,3,,
Tanganyika,2018,2,,
Tanganyika,2018,1,,
Tanganyika,2019,51,,
Tanganyika,2019,50,,
Tanganyika,2019,44,,
Tanganyika,2019,38,,
Tanganyika,2019,32,,
Tanganyika,2019,30,,
Tanganyika,2019,26,,
Tanganyika,2019,24,,
Tanganyika,2019,23,,
Tanganyika,2019,22,,
Tanganyika,2019,20,,
Tanganyika,2019,15,,
Tanganyika,2019,14,,
Tanganyika,2019,13,,
Tanganyika,2019,10,,
Tanganyika,2019,7,,
Tanganyika,2019,6,,
Tanganyika,2019,3,,
Tanganyika,2019,1,,
Tanganyika,2020,20,,
Tanganyika,2020,19,,
Tanganyika,2020,15,,
Tanganyika,2020,13,,
Tanganyika,2020,12,,
Tanganyika,2020,11,,
Tanganyika,2020,10,,
Tanganyika,2020,8,,
Tanganyika,2020,5,,
Tanganyika,2020,2,,
Tshopo,2010,10,,
Tshopo,2010,3,,
Tshopo,2010,2,,
Tshopo,2010,1,,
Tshopo,2011,50,,
Tshopo,2011,47,,
Tshopo,2011,43,,
Tshopo,2011,31,,
Tshopo,2011,30,,
Tshopo,2011,27,,
Tshopo,2011,25,,
Tshopo,2011,23,,
Tshopo,2011,22,,
Tshopo,2011,21,,
Tshopo,2011,19,,
Tshopo,2011,10,,
Tshopo,2011,7,,
Tshopo,2012,47,,
Tshopo,2012,37,,
Tshopo,2012,36,,
Tshopo,2012,32,,
Tshopo,2012,29,,
Tshopo,2012,26,,
Tshopo,2012,9,,
Tshopo,2012,8,,
Tshopo,2012,6,,
Tshopo,2012,5,,
Tshopo,2012,4,,
Tshopo,2015,47,,
Tshopo,2015,43,,
Tshopo,2015,35,,
Tshopo,2015,33,,
Tshopo,2015,31,,
Tshopo,2015,26,,
Tshopo,2015,25,,
Tshopo,2015,22,,
Tshopo,2015,21,,
Tshopo,2015,20,,
Tshopo,2015,18,,
Tshopo,2015,2,,
Tshopo,2016,38,,
Tshopo,2016,35,,
Tshopo,2016,32,,
Tshopo,2016,30,,
Tshopo,2016,29,,
Tshopo,2016,28,,
Tshopo,2016,27,,
Tshopo,2016,24,,
Tshopo,2016,23,,
Tshopo,2016,22,,
Tshopo,2016,21,,
Tshopo,2016,15,,
Tshopo,2016,8,,
Tshopo,2016,5,,
Tshopo,2016,4,,
Tshopo,2019,49,,
Tshopo,2019,47,,
Tshopo,2019,40,,
Tshopo,2019,34,,
Tshopo,2019,33,,
Tshopo,2019,30,,
Tshopo,2019,24,,
Tshopo,2019,23,,
Tshopo,2019,21,,
Tshopo,2019,20,,
Tshopo,2019,18,,
Tshopo,2019,14,,
Tshopo,2019,12,,
Tshopo,2019,11,,
Tshopo,2019,9,,
Tshopo,2019,8,,
Tshopo,2019,7,,
Tshopo,2019,6,,
Tshopo,2019,2,,
Tshopo,2019,1,,
