outbreak_id,year,stability,outbreak,start,end,incidence,no_of_events,fatalities_total,province
Haut-Katanga_10_1,2010,Peace,45,1,46,0.155,2,2,Haut-Katanga
Haut-Katanga_10_1,2010,Conflict,45,47,48,0.155,2,2,Haut-Katanga
Haut-Katanga_10_1,2010,Peace,45,49,52,0.155,2,2,Haut-Katanga
Sud-Kivu_10_1,2010,Peace,31,1,4,0.449,31,270,Sud-Kivu
Sud-Kivu_10_1,2010,Conflict,31,5,52,0.449,31,270,Sud-Kivu
Sud-Kivu_10_2,2010,Peace,36,1,4,0.620,31,270,Sud-Kivu
Sud-Kivu_10_2,2010,Conflict,36,5,52,0.620,31,270,Sud-Kivu
Sud-Kivu_10_3,2010,Peace,36,1,4,0.465,31,270,Sud-Kivu
Sud-Kivu_10_3,2010,Conflict,36,5,52,0.465,31,270,Sud-Kivu
Sud-Kivu_10_4,2010,Peace,36,1,4,0.152,31,270,Sud-Kivu
Sud-Kivu_10_4,2010,Conflict,36,5,52,0.152,31,270,Sud-Kivu
Sud-Kivu_10_5,2010,Peace,37,1,4,0.263,31,270,Sud-Kivu
Sud-Kivu_10_5,2010,Conflict,37,5,52,0.263,31,270,Sud-Kivu
Tanganyika_10_1,2010,Peace,45,1,51,0.064,1,0,Tanganyika
Tanganyika_10_1,2010,Conflict,45,52,53,0.064,1,0,Tanganyika
Tanganyika_10_2,2010,Peace,40,1,51,0.310,1,0,Tanganyika
Tanganyika_10_2,2010,Conflict,40,52,53,0.310,1,0,Tanganyika
Tshopo_10_1,2010,Conflict,24,1,20,1.549,4,12,Tshopo
Tshopo_10_1,2010,Peace,24,21,52,1.549,4,12,Tshopo
Equateur_11_1,2011,Peace,27,1,17,0.786,5,0,Equateur
Equateur_11_1,2011,Conflict,27,18,50,0.786,5,0,Equateur
Equateur_11_1,2011,Peace,27,51,52,0.786,5,0,Equateur
Equateur_11_2,2011,Peace,32,1,17,2.437,22,19,Equateur
Equateur_11_2,2011,Conflict,32,18,50,2.437,22,19,Equateur
Equateur_11_2,2011,Peace,32,51,52,2.437,22,19,Equateur
Equateur_11_3,2011,Peace,34,1,17,0.154,5,0,Equateur
Equateur_11_3,2011,Conflict,34,18,50,0.154,5,0,Equateur
Equateur_11_3,2011,Peace,34,51,52,0.154,5,0,Equateur
Equateur_11_4,2011,Peace,34,1,17,0.010,5,0,Equateur
Equateur_11_4,2011,Conflict,34,18,50,0.010,5,0,Equateur
Equateur_11_4,2011,Peace,34,51,52,0.010,5,0,Equateur
Equateur_11_5,2011,Peace,38,1,17,2.172,5,0,Equateur
Equateur_11_5,2011,Conflict,38,18,50,2.172,5,0,Equateur
Equateur_11_5,2011,Peace,38,51,52,2.172,5,0,Equateur
Equateur_11_6,2011,Peace,39,1,17,3.588,5,0,Equateur
Equateur_11_6,2011,Conflict,39,18,50,3.588,5,0,Equateur
Equateur_11_6,2011,Peace,39,51,52,3.588,5,0,Equateur
Equateur_11_7,2011,Peace,49,1,17,4.554,4.55395555755823,4.55395555755823,Equateur
Equateur_11_7,2011,Conflict,49,18,50,4.554,4.55395555755823,4.55395555755823,Equateur
Equateur_11_7,2011,Peace,49,51,52,4.554,4.55395555755823,4.55395555755823,Equateur
Ituri_11_1,2011,Conflict,52,1,51,0.025,52,11,Ituri
Kinshasa_11_1,2011,Conflict,27,2,51,0.052,43,58,Kinshasa
Kinshasa_11_2,2011,Conflict,30,2,51,0.186,43,58,Kinshasa
Kinshasa_11_3,2011,Conflict,32,2,51,0.406,43,58,Kinshasa
Kinshasa_11_4,2011,Conflict,34,2,51,0.541,43,58,Kinshasa
Kinshasa_11_5,2011,Conflict,41,2,51,0.025,43,58,Kinshasa
Kinshasa_11_6,2011,Conflict,48,2,51,0.993,43,58,Kinshasa
Kinshasa_11_7,2011,Conflict,49,2,51,1.124,43,58,Kinshasa
Kinshasa_11_8,2011,Conflict,52,2,51,0.526,43,58,Kinshasa
Kinshasa_11_9,2011,Conflict,52,2,51,1.443,43,58,Kinshasa
Maï-Ndombe_11_1,2011,Peace,24,1,16,0.724,2,3,Maï-Ndombe
Maï-Ndombe_11_1,2011,Conflict,24,17,37,0.724,2,3,Maï-Ndombe
Maï-Ndombe_11_1,2011,Peace,24,38,52,0.724,2,3,Maï-Ndombe
Maï-Ndombe_11_2,2011,Peace,25,1,16,1.257,2,3,Maï-Ndombe
Maï-Ndombe_11_2,2011,Conflict,25,17,37,1.257,2,3,Maï-Ndombe
Maï-Ndombe_11_2,2011,Peace,25,38,52,1.257,2,3,Maï-Ndombe
Maï-Ndombe_11_3,2011,Peace,27,1,16,1.904,2,3,Maï-Ndombe
Maï-Ndombe_11_3,2011,Conflict,27,17,37,1.904,2,3,Maï-Ndombe
Maï-Ndombe_11_3,2011,Peace,27,38,52,1.904,2,3,Maï-Ndombe
Maï-Ndombe_11_4,2011,Peace,27,1,16,1.852,2,3,Maï-Ndombe
Maï-Ndombe_11_4,2011,Conflict,27,17,37,1.852,2,3,Maï-Ndombe
Maï-Ndombe_11_4,2011,Peace,27,38,52,1.852,2,3,Maï-Ndombe
Maï-Ndombe_11_5,2011,Peace,32,1,16,2.403,2,3,Maï-Ndombe
Maï-Ndombe_11_5,2011,Conflict,32,17,37,2.403,2,3,Maï-Ndombe
Maï-Ndombe_11_5,2011,Peace,32,38,52,2.403,2,3,Maï-Ndombe
Maï-Ndombe_11_6,2011,Peace,34,1,16,2.464,2,3,Maï-Ndombe
Maï-Ndombe_11_6,2011,Conflict,34,17,37,2.464,2,3,Maï-Ndombe
Maï-Ndombe_11_6,2011,Peace,34,38,52,2.464,2,3,Maï-Ndombe
Maï-Ndombe_11_7,2011,Peace,49,1,16,3.447,2,3,Maï-Ndombe
Maï-Ndombe_11_7,2011,Conflict,49,17,37,3.447,2,3,Maï-Ndombe
Maï-Ndombe_11_7,2011,Peace,49,38,52,3.447,2,3,Maï-Ndombe
Nord-Kivu_11_1,2011,Peace,49,1,2,2.443,253,197,Nord-Kivu
Nord-Kivu_11_1,2011,Conflict,49,3,52,2.443,253,197,Nord-Kivu
Sud-Kivu_11_1,2011,Conflict,52,1,51,0.105,230,139,Sud-Kivu
Sud-Kivu_11_2,2011,Conflict,52,1,51,0.379,230,139,Sud-Kivu
Tshopo_11_1,2011,Peace,9,1,6,5.836,22,19,Tshopo
Tshopo_11_1,2011,Conflict,9,7,50,5.836,22,19,Tshopo
Tshopo_11_1,2011,Peace,9,51,52,5.836,22,19,Tshopo
Tshopo_11_2,2011,Peace,12,1,6,0.804,22,19,Tshopo
Tshopo_11_2,2011,Conflict,12,7,50,0.804,22,19,Tshopo
Tshopo_11_2,2011,Peace,12,51,52,0.804,22,19,Tshopo
Tshopo_11_3,2011,Peace,14,1,6,1.395,22,19,Tshopo
Tshopo_11_3,2011,Conflict,14,7,50,1.395,22,19,Tshopo
Tshopo_11_3,2011,Peace,14,51,52,1.395,22,19,Tshopo
Tshopo_11_4,2011,Peace,14,1,6,1.177,22,22,Tshopo
Tshopo_11_4,2011,Conflict,14,7,50,1.177,22,22,Tshopo
Tshopo_11_4,2011,Peace,14,51,52,1.177,22,22,Tshopo
Tshopo_11_5,2011,Peace,30,1,6,2.097,22,22,Tshopo
Tshopo_11_5,2011,Conflict,30,7,50,2.097,22,22,Tshopo
Tshopo_11_5,2011,Peace,30,51,52,2.097,22,22,Tshopo
Tshopo_11_6,2011,Peace,32,1,6,2.376,22,22,Tshopo
Tshopo_11_6,2011,Conflict,32,7,50,2.376,22,22,Tshopo
Tshopo_11_6,2011,Peace,32,51,52,2.376,22,22,Tshopo
Tshopo_11_7,2011,Peace,39,1,6,2.382,22,22,Tshopo
Tshopo_11_7,2011,Conflict,39,7,50,2.382,22,22,Tshopo
Tshopo_11_7,2011,Peace,39,51,52,2.382,22,22,Tshopo
Tshopo_11_8,2011,Peace,40,1,6,10.351,22,22,Tshopo
Tshopo_11_8,2011,Conflict,40,7,50,10.351,22,22,Tshopo
Tshopo_11_8,2011,Peace,40,51,52,10.351,22,22,Tshopo
Equateur_12_1,2012,Conflict,7,1,52,0.006,10,4,Equateur
Equateur_12_2,2012,Conflict,7,1,52,0.003,10,4,Equateur
Equateur_12_3,2012,Conflict,15,1,52,0.133,10,4,Equateur
Equateur_12_4,2012,Conflict,20,1,52,17.808,10,4,Equateur
Equateur_12_5,2012,Conflict,29,1,52,3.160,10,4,Equateur
Haut-Katanga_12_1,2012,Peace,37,1,6,0.085,27,27,Haut-Katanga
Haut-Katanga_12_1,2012,Conflict,37,7,51,0.085,27,27,Haut-Katanga
Haut-Katanga_12_2,2012,Peace,51,1,6,0.130,27,27,Haut-Katanga
Haut-Katanga_12_2,2012,Conflict,51,7,51,0.130,27,27,Haut-Katanga
Ituri_12_1,2012,Conflict,1,1,51,6.804,87,131,Ituri
Ituri_12_2,2012,Conflict,1,1,51,0.233,87,131,Ituri
Ituri_12_3,2012,Conflict,2,1,51,0.019,87,131,Ituri
Ituri_12_4,2012,Conflict,3,1,51,0.072,87,131,Ituri
Ituri_12_5,2012,Conflict,3,1,51,0.752,87,131,Ituri
Ituri_12_6,2012,Conflict,7,1,51,1.673,87,131,Ituri
Ituri_12_7,2012,Conflict,7,1,51,1.294,87,131,Ituri
Kinshasa_12_1,2012,Peace,3,1,3,0.509,27,1,Kinshasa
Kinshasa_12_1,2012,Conflict,3,4,52,0.509,27,1,Kinshasa
Kinshasa_12_2,2012,Peace,5,1,3,1.594,27,1,Kinshasa
Kinshasa_12_2,2012,Conflict,5,4,52,1.594,27,1,Kinshasa
Kinshasa_12_3,2012,Peace,15,1,3,0.532,27,1,Kinshasa
Kinshasa_12_3,2012,Conflict,15,4,52,0.532,27,1,Kinshasa
Kinshasa_12_4,2012,Peace,26,1,3,0.019,27,1,Kinshasa
Kinshasa_12_4,2012,Conflict,26,4,52,0.019,27,1,Kinshasa
Kongo-Central_12_1,2012,Peace,6,1,6,0.072,5,0,Kongo-Central
Kongo-Central_12_1,2012,Conflict,6,7,45,0.072,5,0,Kongo-Central
Kongo-Central_12_1,2012,Peace,6,46,52,0.072,5,0,Kongo-Central
Kongo-Central_12_2,2012,Peace,6,1,6,0.003,5,0,Kongo-Central
Kongo-Central_12_2,2012,Conflict,6,7,45,0.003,5,0,Kongo-Central
Kongo-Central_12_2,2012,Peace,6,46,52,0.003,5,0,Kongo-Central
Kongo-Central_12_3,2012,Peace,7,1,6,0.180,5,0,Kongo-Central
Kongo-Central_12_3,2012,Conflict,7,7,45,0.180,5,0,Kongo-Central
Kongo-Central_12_3,2012,Peace,7,46,52,0.180,5,0,Kongo-Central
Kongo-Central_12_4,2012,Peace,15,1,6,0.549,5,0,Kongo-Central
Kongo-Central_12_4,2012,Conflict,15,7,45,0.549,5,0,Kongo-Central
Kongo-Central_12_4,2012,Peace,15,46,52,0.549,5,0,Kongo-Central
Kongo-Central_12_5,2012,Peace,23,1,6,0.004,5,0,Kongo-Central
Kongo-Central_12_5,2012,Conflict,23,7,45,0.004,5,0,Kongo-Central
Kongo-Central_12_5,2012,Peace,23,46,52,0.004,5,0,Kongo-Central
Kongo-Central_12_6,2012,Peace,27,1,6,1.353,5,0,Kongo-Central
Kongo-Central_12_6,2012,Conflict,27,7,45,1.353,5,0,Kongo-Central
Kongo-Central_12_6,2012,Peace,27,46,52,1.353,5,0,Kongo-Central
Kongo-Central_12_7,2012,Peace,31,1,6,0.149,5,0,Kongo-Central
Kongo-Central_12_7,2012,Conflict,31,7,45,0.149,5,0,Kongo-Central
Kongo-Central_12_7,2012,Peace,31,46,52,0.149,5,0,Kongo-Central
Kongo-Central_12_8,2012,Peace,36,1,6,0.070,5,0,Kongo-Central
Kongo-Central_12_8,2012,Conflict,36,7,45,0.070,5,0,Kongo-Central
Kongo-Central_12_8,2012,Peace,36,46,52,0.070,5,0,Kongo-Central
Maï-Ndombe_12_1,2012,Peace,15,1,25,0.765,1,0,Maï-Ndombe
Maï-Ndombe_12_1,2012,Conflict,15,25,26,0.765,1,0,Maï-Ndombe
Maï-Ndombe_12_1,2012,Peace,15,27,52,0.765,1,0,Maï-Ndombe
Nord-Kivu_12_1,2012,Conflict,5,1,52,0.033,556,697,Nord-Kivu
Nord-Kivu_12_2,2012,Conflict,30,1,52,0.533,556,697,Nord-Kivu
Nord-Kivu_12_3,2012,Conflict,33,1,52,0.145,556,697,Nord-Kivu
Nord-Kivu_12_4,2012,Conflict,34,1,52,0.075,556,697,Nord-Kivu
Sud-Kivu_12_1,2012,Conflict,1,1,52,0.070,190,500,Sud-Kivu
Sud-Kivu_12_2,2012,Conflict,2,1,52,2.366,190,500,Sud-Kivu
Sud-Kivu_12_3,2012,Conflict,3,1,52,19.722,190,500,Sud-Kivu
Sud-Kivu_12_4,2012,Conflict,3,1,52,0.217,190,500,Sud-Kivu
Sud-Kivu_12_5,2012,Conflict,14,1,52,3.187,190,500,Sud-Kivu
Sud-Kivu_12_6,2012,Conflict,15,1,52,3.208,190,500,Sud-Kivu
Sud-Kivu_12_7,2012,Conflict,26,1,52,0.217,190,500,Sud-Kivu
Tshopo_12_1,2012,Peace,2,1,3,0.290,22,42,Tshopo
Tshopo_12_1,2012,Conflict,2,4,47,0.290,22,42,Tshopo
Tshopo_12_1,2012,Peace,2,48,52,0.290,22,42,Tshopo
Tshopo_12_2,2012,Peace,14,1,3,0.043,22,42,Tshopo
Tshopo_12_2,2012,Conflict,14,4,47,0.043,22,42,Tshopo
Tshopo_12_2,2012,Peace,14,48,52,0.043,22,42,Tshopo
Tshopo_12_3,2012,Peace,36,1,3,0.043,22,42,Tshopo
Tshopo_12_3,2012,Conflict,36,4,47,0.043,22,42,Tshopo
Tshopo_12_3,2012,Peace,36,48,52,0.043,22,42,Tshopo
Haut-Katanga_13_1,2013,Conflict,1,1,52,11.829,73,188,Haut-Katanga
Haut-Katanga_13_2,2013,Conflict,4,1,52,0.490,73,188,Haut-Katanga
Haut-Katanga_13_3,2013,Conflict,6,1,52,3.223,73,188,Haut-Katanga
Haut-Katanga_13_4,2013,Conflict,20,1,52,14.014,73,188,Haut-Katanga
Haut-Katanga_13_5,2013,Conflict,20,1,52,8.408,73,188,Haut-Katanga
Haut-Katanga_13_6,2013,Conflict,20,1,52,2.803,73,188,Haut-Katanga
Haut-Katanga_13_7,2013,Conflict,20,1,52,0.701,73,188,Haut-Katanga
Haut-Katanga_13_8,2013,Conflict,22,1,52,1.253,73,188,Haut-Katanga
Haut-Katanga_13_9,2013,Conflict,48,1,52,1.253,73,188,Haut-Katanga
Haut-Katanga_13_10,2013,Conflict,50,1,52,0.614,73,188,Haut-Katanga
Haut-Katanga_13_11,2013,Conflict,50,1,52,0.059,73,188,Haut-Katanga
Ituri_13_1,2013,Conflict,15,2,50,0.010,78,143,Ituri
Ituri_13_2,2013,Conflict,31,2,50,0.014,78,143,Ituri
Nord-Kivu_13_1,2013,Conflict,5,1,52,0.008,264,936,Nord-Kivu
Sud-Kivu_13_1,2013,Conflict,15,1,52,0.031,100,82,Sud-Kivu
Sud-Kivu_13_2,2013,Conflict,34,1,52,0.027,100,82,Sud-Kivu
Sud-Kivu_13_3,2013,Conflict,37,1,52,0.150,100,82,Sud-Kivu
Sud-Kivu_13_4,2013,Conflict,46,1,52,0.070,100,82,Sud-Kivu
Sud-Kivu_13_5,2013,Conflict,48,1,52,0.175,100,82,Sud-Kivu
Sud-Kivu_13_6,2013,Conflict,49,1,52,0.185,100,82,Sud-Kivu
Tanganyika_13_1,2013,Conflict,41,1,51,0.320,43,64,Tanganyika
Haut-Katanga_14_1,2014,Conflict,7,1,53,0.150,78,147,Haut-Katanga
Haut-Katanga_14_2,2014,Conflict,9,1,53,1.491,78,147,Haut-Katanga
Haut-Katanga_14_3,2014,Conflict,9,1,53,0.100,78,147,Haut-Katanga
Haut-Katanga_14_4,2014,Conflict,9,1,53,0.014,78,147,Haut-Katanga
Haut-Katanga_14_5,2014,Conflict,17,1,53,1.429,78,147,Haut-Katanga
Haut-Katanga_14_6,2014,Conflict,29,1,53,0.123,78,147,Haut-Katanga
Haut-Katanga_14_7,2014,Conflict,35,1,53,0.678,78,147,Haut-Katanga
Haut-Katanga_14_8,2014,Conflict,51,1,53,11.794,78,147,Haut-Katanga
Haut-Lomami_14_1,2014,Peace,1,1,8,6.295,14,6,Haut-Lomani
Haut-Lomami_14_1,2014,Conflict,1,9,49,6.295,14,6,Haut-Lomani
Haut-Lomami_14_1,2014,Peace,1,50,53,6.295,14,6,Haut-Lomani
Sud-Kivu_14_1,2014,Conflict,2,1,53,0.108,153,212,Sud-Kivu
Sud-Kivu_14_2,2014,Conflict,3,1,53,0.304,153,212,Sud-Kivu
Sud-Kivu_14_3,2014,Conflict,21,1,53,0.068,153,212,Sud-Kivu
Sud-Kivu_14_4,2014,Conflict,23,1,53,0.070,153,212,Sud-Kivu
Sud-Kivu_14_5,2014,Conflict,37,1,53,0.098,153,212,Sud-Kivu
Haut-Katanga_15_1,2015,Peace,6,1,2,0.004,32,9,Haut-Katanga
Haut-Katanga_15_1,2015,Conflict,6,3,52,0.004,32,9,Haut-Katanga
Haut-Katanga_15_2,2015,Peace,9,1,2,1.967,32,9,Haut-Katanga
Haut-Katanga_15_2,2015,Conflict,9,3,52,1.967,32,9,Haut-Katanga
Haut-Katanga_15_3,2015,Peace,13,1,2,2.623,32,9,Haut-Katanga
Haut-Katanga_15_3,2015,Conflict,13,3,52,2.623,32,9,Haut-Katanga
Haut-Katanga_15_4,2015,Peace,49,1,2,0.393,32,9,Haut-Katanga
Haut-Katanga_15_4,2015,Conflict,49,3,52,0.393,32,9,Haut-Katanga
Haut-Katanga_15_5,2015,Peace,50,1,2,5.987,32,9,Haut-Katanga
Haut-Katanga_15_5,2015,Conflict,50,3,52,5.987,32,9,Haut-Katanga
Haut-Katanga_15_6,2015,Peace,51,1,2,0.236,32,9,Haut-Katanga
Haut-Katanga_15_6,2015,Conflict,51,3,52,0.236,32,9,Haut-Katanga
Haut-Katanga_15_7,2015,Peace,51,1,2,0.098,32,9,Haut-Katanga
Haut-Katanga_15_7,2015,Conflict,51,3,52,0.098,32,9,Haut-Katanga
Haut-Katanga_15_8,2015,Peace,51,1,2,0.058,32,9,Haut-Katanga
Haut-Katanga_15_8,2015,Conflict,51,3,52,0.058,32,9,Haut-Katanga
Haut-Katanga_15_9,2015,Peace,51,1,2,0.051,32,9,Haut-Katanga
Haut-Katanga_15_9,2015,Conflict,51,3,52,0.051,32,9,Haut-Katanga
Haut-Katanga_15_10,2015,Peace,51,1,2,0.022,32,9,Haut-Katanga
Haut-Katanga_15_10,2015,Conflict,51,3,52,0.022,32,9,Haut-Katanga
Haut-Katanga_15_11,2015,Peace,51,1,2,0.028,32,9,Haut-Katanga
Haut-Katanga_15_11,2015,Conflict,51,3,52,0.028,32,9,Haut-Katanga
Haut-Katanga_15_12,2015,Peace,52,1,2,0.108,32,9,Haut-Katanga
Haut-Katanga_15_12,2015,Conflict,52,3,52,0.108,32,9,Haut-Katanga
Ituri_15_1,2015,Conflict,36,2,52,0.353,122,227,Ituri
Ituri_15_2,2015,Conflict,51,2,52,0.236,122,227,Ituri
Ituri_15_3,2015,Conflict,51,2,52,0.125,122,227,Ituri
Maniema_15_1,2015,Peace,36,1,8,0.914,10,3,Maniema
Maniema_15_1,2015,Conflict,36,9,46,0.914,10,3,Maniema
Maniema_15_1,2015,Peace,36,47,52,0.914,10,3,Maniema
Maniema_15_2,2015,Peace,39,1,8,3.935,10,3,Maniema
Maniema_15_2,2015,Conflict,39,9,46,3.935,10,3,Maniema
Maniema_15_2,2015,Peace,39,47,52,3.935,10,3,Maniema
Maniema_15_3,2015,Peace,40,1,8,3.174,10,3,Maniema
Maniema_15_3,2015,Conflict,40,9,46,3.174,10,3,Maniema
Maniema_15_3,2015,Peace,40,47,52,3.174,10,3,Maniema
Maniema_15_4,2015,Peace,50,1,8,5.208,10,3,Maniema
Maniema_15_4,2015,Conflict,50,9,46,5.208,10,3,Maniema
Maniema_15_4,2015,Peace,50,47,52,5.208,10,3,Maniema
Nord-Kivu_15_1,2015,Conflict,50,1,52,4.320,341,789,Nord-Kivu
Sud-Kivu_15_1,2015,Conflict,2,1,52,0.018,111,109,Sud-Kivu
Sud-Kivu_15_2,2015,Conflict,50,1,52,6.435,111,109,Sud-Kivu
Tshopo_15_1,2015,Conflict,39,2,47,1.312,18,0,Tshopo
Tshopo_15_1,2015,Peace,39,48,52,1.312,18,0,Tshopo
Tshopo_15_2,2015,Conflict,39,2,47,0.052,18,0,Tshopo
Tshopo_15_2,2015,Peace,39,48,52,0.052,18,0,Tshopo
Tshopo_15_3,2015,Conflict,50,2,47,3.894,18,0,Tshopo
Tshopo_15_3,2015,Peace,50,48,52,3.894,18,0,Tshopo
Equateur_16_1,2016,Peace,14,1,20,0.008,7,1,Equateur
Equateur_16_1,2016,Conflict,14,21,52,0.008,7,1,Equateur
Equateur_16_2,2016,Peace,19,1,20,0.278,7,1,Equateur
Equateur_16_2,2016,Conflict,19,21,52,0.278,7,1,Equateur
Equateur_16_3,2016,Peace,21,1,20,0.327,7,1,Equateur
Equateur_16_3,2016,Conflict,21,21,52,0.327,7,1,Equateur
Equateur_16_4,2016,Peace,42,1,20,0.039,7,1,Equateur
Equateur_16_4,2016,Conflict,42,21,52,0.039,7,1,Equateur
Haut-Katanga_16_1,2016,Conflict,1,1,51,0.192,45,31,Haut-Katanga
Haut-Katanga_16_2,2016,Conflict,14,1,51,0.264,45,31,Haut-Katanga
Haut-Lomami_16_1,2016,Peace,13,1,22,0.034,7,21,Haut-Lomani
Haut-Lomami_16_1,2016,Conflict,13,23,44,0.034,7,21,Haut-Lomani
Haut-Lomami_16_1,2016,Peace,13,45,52,0.034,7,21,Haut-Lomani
Haut-Lomami_16_2,2016,Peace,13,1,22,0.032,7,21,Haut-Lomani
Haut-Lomami_16_2,2016,Conflict,13,23,44,0.032,7,21,Haut-Lomani
Haut-Lomami_16_2,2016,Peace,13,45,52,0.032,7,21,Haut-Lomani
Haut-Lomami_16_3,2016,Peace,13,1,22,0.015,7,21,Haut-Lomani
Haut-Lomami_16_3,2016,Conflict,13,23,44,0.015,7,21,Haut-Lomani
Haut-Lomami_16_3,2016,Peace,13,45,52,0.015,7,21,Haut-Lomani
Haut-Lomami_16_4,2016,Peace,13,1,22,0.006,7,21,Haut-Lomani
Haut-Lomami_16_4,2016,Conflict,13,23,44,0.006,7,21,Haut-Lomani
Haut-Lomami_16_4,2016,Peace,13,45,52,0.006,7,21,Haut-Lomani
Haut-Lomami_16_5,2016,Peace,,1,22,0.253,7,21,Haut-Lomani
Haut-Lomami_16_5,2016,Conflict,14,23,44,0.253,7,21,Haut-Lomani
Haut-Lomami_16_5,2016,Peace,,45,52,0.253,7,21,Haut-Lomani
Ituri_16_1,2016,Conflict,24,1,51,0.241,122,139,Ituri
Kinshasa_16_1,2016,Conflict,14,1,51,0.008,67,86,Kinshasa
Kinshasa_16_2,2016,Conflict,19,1,51,0.018,67,86,Kinshasa
Kinshasa_16_3,2016,Conflict,27,1,51,0.004,67,86,Kinshasa
Kinshasa_16_4,2016,Conflict,35,1,51,0.008,67,86,Kinshasa
Kinshasa_16_5,2016,Conflict,52,1,51,0.156,67,86,Kinshasa
Maï-Ndombe_16_1,2016,Peace,19,1,6,0.041,3,0,Maï-Ndombe
Maï-Ndombe_16_1,2016,Conflict,19,7,38,0.041,3,0,Maï-Ndombe
Maï-Ndombe_16_1,2016,Peace,19,39,52,0.041,3,0,Maï-Ndombe
Maniema_16_1,2016,Peace,39,1,3,0.065,5,5,Maniema
Maniema_16_1,2016,Conflict,39,4,38,0.065,5,5,Maniema
Maniema_16_1,2016,Peace,39,39,52,0.065,5,5,Maniema
Mongala_16_1,2016,Peace,15,1,18,0.048,5,20,Mongala
Mongala_16_1,2016,Conflict,15,19,51,0.048,5,20,Mongala
Mongala_16_2,2016,Peace,27,1,18,0.089,5,20,Mongala
Mongala_16_2,2016,Conflict,27,19,51,0.089,5,20,Mongala
Mongala_16_3,2016,Peace,34,1,18,0.183,5,20,Mongala
Mongala_16_3,2016,Conflict,34,19,51,0.183,5,20,Mongala
Nord-Kivu_16_1,2016,Conflict,13,1,52,0.041,386,960,Nord-Kivu
Nord-Kivu_16_2,2016,Conflict,13,1,52,0.020,386,960,Nord-Kivu
Nord-Kivu_16_3,2016,Conflict,13,1,52,0.019,386,960,Nord-Kivu
Nord-Kivu_16_4,2016,Conflict,14,1,52,0.250,386,960,Nord-Kivu
Nord-Ubangi_16_1,2016,Peace,27,1,29,0.491,1,0,Nord-Ubangi
Nord-Ubangi_16_1,2016,Conflict,27,30,31,0.491,1,0,Nord-Ubangi
Nord-Ubangi_16_1,2016,Peace,27,32,52,0.491,1,0,Nord-Ubangi
Sud-Kivu_16_1,2016,Conflict,14,1,52,0.282,118,96,Sud-Kivu
Tanganyika_16_1,2016,Peace,26,1,5,0.165,50,129,Tanganyika
Tanganyika_16_1,2016,Conflict,26,6,51,0.165,50,129,Tanganyika
Tanganyika_16_2,2016,Peace,28,1,5,0.204,50,129,Tanganyika
Tanganyika_16_2,2016,Conflict,28,6,51,0.204,50,129,Tanganyika
Tanganyika_16_3,2016,Peace,28,1,5,0.154,50,129,Tanganyika
Tanganyika_16_3,2016,Conflict,28,6,51,0.154,50,129,Tanganyika
Tanganyika_16_4,2016,Peace,45,1,5,0.179,50,129,Tanganyika
Tanganyika_16_4,2016,Conflict,45,6,51,0.179,50,129,Tanganyika
Tshopo_16_1,2016,Peace,10,1,3,0.381,19,6,Tshopo
Tshopo_16_1,2016,Conflict,10,4,38,0.381,19,6,Tshopo
Tshopo_16_1,2016,Peace,10,39,52,0.381,19,6,Tshopo
Tshopo_16_2,2016,Peace,10,1,3,0.432,19,6,Tshopo
Tshopo_16_2,2016,Conflict,10,4,38,0.432,19,6,Tshopo
Tshopo_16_2,2016,Peace,10,39,52,0.432,19,6,Tshopo
Tshopo_16_3,2016,Peace,10,1,3,0.013,19,6,Tshopo
Tshopo_16_3,2016,Conflict,10,4,38,0.013,19,6,Tshopo
Tshopo_16_3,2016,Peace,10,39,52,0.013,19,6,Tshopo
Tshopo_16_4,2016,Peace,10,1,3,0.023,19,6,Tshopo
Tshopo_16_4,2016,Conflict,10,4,38,0.023,19,6,Tshopo
Tshopo_16_4,2016,Peace,10,39,52,0.023,19,6,Tshopo
Tshopo_16_5,2016,Peace,14,1,3,0.405,19,6,Tshopo
Tshopo_16_5,2016,Conflict,14,4,38,0.405,19,6,Tshopo
Tshopo_16_5,2016,Peace,14,39,52,0.405,19,6,Tshopo
Tshopo_16_6,2016,Peace,29,1,3,0.388,19,6,Tshopo
Tshopo_16_6,2016,Conflict,29,4,38,0.388,19,6,Tshopo
Tshopo_16_6,2016,Peace,29,39,52,0.388,19,6,Tshopo
Bas-Uele_17_1,2017,Conflict,8,1,40,0.233,19,24,Bas-Uele
Bas-Uele_17_1,2017,Peace,8,41,52,0.233,19,24,Bas-Uele
Equateur_17_1,2017,Peace,11,1,3,0.097,9,2,Equateur
Equateur_17_1,2017,Conflict,11,4,47,0.097,9,2,Equateur
Equateur_17_1,2017,Peace,11,48,52,0.097,9,2,Equateur
Haut-Lomami_17_1,2017,Peace,31,1,11,0.124,5,5,Haut-Lomani
Haut-Lomami_17_1,2017,Conflict,31,12,51,0.124,5,5,Haut-Lomani
Haut-Lomami_17_2,2017,Peace,40,1,11,0.303,5,5,Haut-Lomani
Haut-Lomami_17_2,2017,Conflict,40,12,51,0.303,5,5,Haut-Lomani
Haut-Lomami_17_3,2017,Peace,40,1,11,2.457,5,5,Haut-Lomani
Haut-Lomami_17_3,2017,Conflict,40,12,51,2.457,5,5,Haut-Lomani
Haut-Lomami_17_4,2017,Peace,42,1,11,0.231,5,5,Haut-Lomani
Haut-Lomami_17_4,2017,Conflict,42,12,51,0.231,5,5,Haut-Lomani
Ituri_17_1,2017,Conflict,10,2,52,0.269,96,72,Ituri
Kasaï_17_1,2017,Peace,45,1,11,2.445,35,736,Kasaï
Kasaï_17_1,2017,Conflict,45,12,45,2.445,35,736,Kasaï
Kasaï_17_1,2017,Peace,45,46,52,2.445,35,736,Kasaï
Kinshasa_17_1,2017,Peace,3,1,4,0.891,44,80,Kinshasa
Kinshasa_17_1,2017,Conflict,3,5,52,0.891,44,80,Kinshasa
Kinshasa_17_2,2017,Peace,24,1,4,0.104,44,80,Kinshasa
Kinshasa_17_2,2017,Conflict,24,5,52,0.104,44,80,Kinshasa
Kinshasa_17_3,2017,Peace,31,1,4,0.018,44,80,Kinshasa
Kinshasa_17_3,2017,Conflict,31,5,52,0.018,44,80,Kinshasa
Kinshasa_17_4,2017,Peace,47,1,4,1.256,44,80,Kinshasa
Kinshasa_17_4,2017,Conflict,47,5,52,1.256,44,80,Kinshasa
Kinshasa_17_5,2017,Peace,48,1,4,0.151,44,80,Kinshasa
Kinshasa_17_5,2017,Conflict,48,5,52,0.151,44,80,Kinshasa
Kongo-Central_17_1,2017,Peace,9,1,3,0.043,15,26,Kongo-Central
Kongo-Central_17_1,2017,Conflict,9,4,48,0.043,15,26,Kongo-Central
Kongo-Central_17_1,2017,Peace,9,49,52,0.043,15,26,Kongo-Central
Kongo-Central_17_2,2017,Peace,9,1,3,0.025,15,26,Kongo-Central
Kongo-Central_17_2,2017,Conflict,9,4,48,0.025,15,26,Kongo-Central
Kongo-Central_17_2,2017,Peace,9,49,52,0.025,15,26,Kongo-Central
Kongo-Central_17_3,2017,Peace,24,1,3,1.790,15,26,Kongo-Central
Kongo-Central_17_3,2017,Conflict,24,4,48,1.790,15,26,Kongo-Central
Kongo-Central_17_3,2017,Peace,24,49,52,1.790,15,26,Kongo-Central
Kongo-Central_17_4,2017,Peace,24,1,3,1.195,15,26,Kongo-Central
Kongo-Central_17_4,2017,Conflict,24,4,48,1.195,15,26,Kongo-Central
Kongo-Central_17_4,2017,Peace,24,49,52,1.195,15,26,Kongo-Central
Kongo-Central_17_5,2017,Peace,31,1,3,0.072,15,26,Kongo-Central
Kongo-Central_17_5,2017,Conflict,31,4,48,0.072,15,26,Kongo-Central
Kongo-Central_17_5,2017,Peace,31,49,52,0.072,15,26,Kongo-Central
Kongo-Central_17_6,2017,Peace,40,1,3,0.179,15,26,Kongo-Central
Kongo-Central_17_6,2017,Conflict,40,4,48,0.179,15,26,Kongo-Central
Kongo-Central_17_6,2017,Peace,40,49,52,0.179,15,26,Kongo-Central
Kongo-Central_17_7,2017,Peace,42,1,3,0.184,15,26,Kongo-Central
Kongo-Central_17_7,2017,Conflict,42,4,48,0.184,15,26,Kongo-Central
Kongo-Central_17_7,2017,Peace,42,49,52,0.184,15,26,Kongo-Central
Kwilu_17_1,2017,Peace,33,1,2,0.123,7,3,Kwilu
Kwilu_17_1,2017,Conflict,33,3,51,0.123,7,3,Kwilu
Maï-Ndombe_17_1,2017,Peace,31,1,20,0.025,1,0,Maï-Ndombe
Maï-Ndombe_17_1,2017,Conflict,31,21,22,0.025,1,0,Maï-Ndombe
Maï-Ndombe_17_1,2017,Peace,31,23,52,0.025,1,0,Maï-Ndombe
Maniema_17_1,2017,Peace,42,1,8,0.059,18,28,Maniema
Maniema_17_1,2017,Conflict,42,9,49,0.059,18,28,Maniema
Maniema_17_1,2017,Peace,42,50,52,0.059,18,28,Maniema
Mongala_17_1,2017,Peace,24,1,15,1.684,2,1,Mongala
Mongala_17_1,2017,Conflict,24,16,21,1.684,2,1,Mongala
Mongala_17_1,2017,Peace,24,22,52,1.684,2,1,Mongala
Nord-Kivu_17_1,2017,Conflict,27,1,52,1.799,323,762,Nord-Kivu
Nord-Kivu_17_2,2017,Conflict,28,1,52,0.710,323,762,Nord-Kivu
Nord-Kivu_17_3,2017,Conflict,29,1,52,1.435,323,762,Nord-Kivu
Nord-Kivu_17_4,2017,Conflict,31,1,52,0.860,323,762,Nord-Kivu
Nord-Kivu_17_5,2017,Conflict,32,1,52,3.858,323,762,Nord-Kivu
Nord-Kivu_17_6,2017,Conflict,37,1,52,0.687,323,762,Nord-Kivu
Nord-Kivu_17_7,2017,Conflict,40,1,52,1.151,323,762,Nord-Kivu
Nord-Kivu_17_8,2017,Conflict,42,1,52,0.901,323,762,Nord-Kivu
Sud-Kivu_17_1,2017,Conflict,12,1,52,0.151,158,204,Sud-Kivu
Sud-Kivu_17_2,2017,Conflict,24,1,52,1.732,158,204,Sud-Kivu
Sud-Kivu_17_3,2017,Conflict,31,1,52,0.133,158,204,Sud-Kivu
Sud-Kivu_17_4,2017,Conflict,33,1,52,0.092,158,204,Sud-Kivu
Sud-Kivu_17_5,2017,Conflict,33,1,52,0.283,158,204,Sud-Kivu
Sud-Kivu_17_6,2017,Conflict,37,1,52,0.953,158,204,Sud-Kivu
Sud-Kivu_17_7,2017,Conflict,40,1,52,0.783,158,204,Sud-Kivu
Sud-Kivu_17_8,2017,Conflict,42,1,52,0.574,158,204,Sud-Kivu
Tanganyika_17_1,2017,Conflict,24,1,48,3.324,63,184,Tanganyika
Tanganyika_17_1,2017,Peace,24,49,52,3.324,63,184,Tanganyika
Tanganyika_17_2,2017,Conflict,31,1,48,0.060,63,184,Tanganyika
Tanganyika_17_2,2017,Peace,31,49,52,0.060,63,184,Tanganyika
Tanganyika_17_3,2017,Conflict,40,1,48,0.502,63,184,Tanganyika
Tanganyika_17_3,2017,Peace,40,49,52,0.502,63,184,Tanganyika
Tanganyika_17_4,2017,Conflict,42,1,48,0.267,63,184,Tanganyika
Tanganyika_17_4,2017,Peace,42,49,52,0.267,63,184,Tanganyika
Equateur_18_1,2018,Peace,13,1,3,0.087,5,2,Equateur
Equateur_18_1,2018,Conflict,13,4,36,0.087,5,2,Equateur
Equateur_18_1,2018,Peace,13,37,52,0.087,5,2,Equateur
Equateur_18_2,2018,Peace,38,1,3,0.036,5,2,Equateur
Equateur_18_2,2018,Conflict,38,4,36,0.036,5,2,Equateur
Equateur_18_2,2018,Peace,38,37,52,0.036,5,2,Equateur
Haut-Katanga_18_1,2018,Peace,47,1,2,0.019,42,20,Haut-Katanga
Haut-Katanga_18_1,2018,Conflict,47,3,50,0.019,42,20,Haut-Katanga
Haut-Katanga_18_1,2018,Peace,47,51,52,0.019,42,20,Haut-Katanga
Ituri_18_1,2018,Conflict,3,1,51,0.638,165,441,Ituri
Kasaï-Oriental_18_1,2018,Peace,7,1,2,6.963,7,1,Kasaï-Oriental
Kasaï-Oriental_18_1,2018,Conflict,7,3,50,6.963,7,1,Kasaï-Oriental
Kasaï-Oriental_18_1,2018,Peace,7,51,52,6.963,7,1,Kasaï-Oriental
Kasaï-Oriental_18_2,2018,Peace,10,1,2,0.107,7,1,Kasaï-Oriental
Kasaï-Oriental_18_2,2018,Conflict,10,3,50,0.107,7,1,Kasaï-Oriental
Kasaï-Oriental_18_2,2018,Peace,10,51,52,0.107,7,1,Kasaï-Oriental
Kasaï-Oriental_18_3,2018,Peace,13,1,2,0.024,7,1,Kasaï-Oriental
Kasaï-Oriental_18_3,2018,Conflict,13,3,50,0.024,7,1,Kasaï-Oriental
Kasaï-Oriental_18_3,2018,Peace,13,51,52,0.024,7,1,Kasaï-Oriental
Kasaï-Oriental_18_4,2018,Peace,23,1,2,0.767,7,1,Kasaï-Oriental
Kasaï-Oriental_18_4,2018,Conflict,23,3,50,0.767,7,1,Kasaï-Oriental
Kasaï-Oriental_18_4,2018,Peace,23,51,52,0.767,7,1,Kasaï-Oriental
Kasaï-Oriental_18_5,2018,Peace,32,1,2,0.793,7,1,Kasaï-Oriental
Kasaï-Oriental_18_5,2018,Conflict,32,3,50,0.793,7,1,Kasaï-Oriental
Kasaï-Oriental_18_5,2018,Peace,32,51,52,0.793,7,1,Kasaï-Oriental
Kasaï-Oriental_18_6,2018,Peace,33,1,2,2.498,7,1,Kasaï-Oriental
Kasaï-Oriental_18_6,2018,Conflict,33,3,50,2.498,7,1,Kasaï-Oriental
Kasaï-Oriental_18_6,2018,Peace,33,51,52,2.498,7,1,Kasaï-Oriental
Kasaï-Oriental_18_7,2018,Peace,40,1,2,5.686,7,1,Kasaï-Oriental
Kasaï-Oriental_18_7,2018,Conflict,40,3,50,5.686,7,1,Kasaï-Oriental
Kasaï-Oriental_18_7,2018,Peace,40,51,52,5.686,7,1,Kasaï-Oriental
Kinshasa_18_1,2018,Conflict,6,1,52,1.186,65,48,Kinshasa
Kinshasa_18_2,2018,Conflict,6,1,52,0.510,65,48,Kinshasa
Kinshasa_18_3,2018,Conflict,6,1,52,0.207,65,48,Kinshasa
Kinshasa_18_4,2018,Conflict,6,1,52,0.193,65,48,Kinshasa
Kinshasa_18_5,2018,Conflict,9,1,52,1.267,65,48,Kinshasa
Kinshasa_18_6,2018,Conflict,13,1,52,0.031,65,48,Kinshasa
Kongo-Central_18_1,2018,Conflict,13,1,49,0.067,9,14,Kongo-Central
Kongo-Central_18_1,2018,Peace,13,50,52,0.067,9,14,Kongo-Central
Maï-Ndombe_18_1,2018,Peace,13,1,2,0.100,8,539,Maï-Ndombe
Maï-Ndombe_18_1,2018,Conflict,13,3,52,0.100,8,539,Maï-Ndombe
Nord-Kivu_18_1,2018,Conflict,13,1,52,0.092,777,"1,335",Nord-Kivu
Sud-Kivu_18_1,2018,Conflict,13,1,52,0.069,198,387,Sud-Kivu
Tanganyika_18_1,2018,Conflict,46,1,52,3.028,38,122,Tanganyika
Haut-Katanga_19_1,2019,Conflict,3,1,51,1.502,56,33,Haut-Katanga
Haut-Katanga_19_2,2019,Conflict,5,1,51,1.068,56,33,Haut-Katanga
Haut-Katanga_19_3,2019,Conflict,8,1,51,0.241,56,33,Haut-Katanga
Haut-Katanga_19_4,2019,Conflict,20,1,51,0.090,56,33,Haut-Katanga
Haut-Katanga_19_5,2019,Conflict,21,1,51,0.097,56,33,Haut-Katanga
Haut-Katanga_19_6,2019,Conflict,52,1,51,0.235,56,33,Haut-Katanga
Haut-Lomami_19_1,2019,Peace,8,1,28,0.115,4,4,Haut-Lomani
Haut-Lomami_19_1,2019,Conflict,8,29,48,0.115,4,4,Haut-Lomani
Haut-Lomami_19_1,2019,Peace,8,49,52,0.115,4,4,Haut-Lomani
Haut-Lomami_19_2,2019,Peace,13,1,28,0.040,4,4,Haut-Lomani
Haut-Lomami_19_2,2019,Conflict,13,29,48,0.040,4,4,Haut-Lomani
Haut-Lomami_19_2,2019,Peace,13,49,52,0.040,4,4,Haut-Lomani
Haut-Lomami_19_3,2019,Peace,14,1,28,0.092,4,4,Haut-Lomani
Haut-Lomami_19_3,2019,Conflict,14,29,48,0.092,4,4,Haut-Lomani
Haut-Lomami_19_3,2019,Peace,14,49,52,0.092,4,4,Haut-Lomani
Haut-Lomami_19_4,2019,Peace,39,1,28,0.195,4,4,Haut-Lomani
Haut-Lomami_19_4,2019,Conflict,39,29,48,0.195,4,4,Haut-Lomani
Haut-Lomami_19_4,2019,Peace,39,49,52,0.195,4,4,Haut-Lomani
Haut-Lomami_19_5,2019,Peace,52,1,28,0.265,4,4,Haut-Lomani
Haut-Lomami_19_5,2019,Conflict,52,29,48,0.265,4,4,Haut-Lomani
Haut-Lomami_19_5,2019,Peace,52,49,52,0.265,4,4,Haut-Lomani
Kasaï_19_1,2019,Conflict,21,1,50,0.069,30,54,Kasaï
Kasaï_19_1,2019,Conflict,21,51,52,0.069,30,54,Kasaï
Maniema_19_1,2019,Conflict,42,1,52,0.046,24,12,Maniema
Nord-Kivu_19_1,2019,Conflict,25,1,52,0.200,"1,195","1,858",Nord-Kivu
Nord-Kivu_19_2,2019,Conflict,27,1,52,0.143,"1,195","1,858",Nord-Kivu
Nord-Kivu_19_3,2019,Conflict,29,1,52,0.180,"1,195","1,858",Nord-Kivu
Nord-Kivu_19_4,2019,Conflict,31,1,52,0.230,"1,195","1,858",Nord-Kivu
Nord-Kivu_19_5,2019,Conflict,34,1,52,0.153,"1,195","1,858",Nord-Kivu
Nord-Kivu_19_6,2019,Conflict,39,1,52,0.285,"1,195","1,858",Nord-Kivu
Nord-Kivu_19_7,2019,Conflict,45,1,52,0.061,"1,195","1,858",Nord-Kivu
Nord-Kivu_19_8,2019,Conflict,52,1,52,0.565,"1,195","1,858",Nord-Kivu
Sud-Kivu_19_1,2019,Conflict,11,1,52,0.062,529,543,Sud-Kivu
Sud-Kivu_19_2,2019,Conflict,16,1,52,0.105,529,543,Sud-Kivu
Sud-Kivu_19_3,2019,Conflict,20,1,52,0.186,529,543,Sud-Kivu
Sud-Kivu_19_4,2019,Conflict,21,1,52,0.183,529,543,Sud-Kivu
Sud-Kivu_19_5,2019,Conflict,23,1,52,0.324,529,543,Sud-Kivu
Sud-Kivu_19_6,2019,Conflict,25,1,52,0.147,529,543,Sud-Kivu
Sud-Kivu_19_7,2019,Conflict,27,1,52,0.180,529,543,Sud-Kivu
Sud-Kivu_19_8,2019,Conflict,29,1,52,0.118,529,543,Sud-Kivu
Sud-Kivu_19_9,2019,Conflict,39,1,52,0.283,529,543,Sud-Kivu
Sud-Kivu_19_10,2019,Conflict,52,1,52,0.803,529,543,Sud-Kivu
Tanganyika_19_1,2019,Conflict,19,1,51,0.130,24,4,Tanganyika
Tanganyika_19_2,2019,Conflict,20,1,51,0.065,24,4,Tanganyika
Tanganyika_19_3,2019,Conflict,21,1,51,0.096,24,4,Tanganyika
Tanganyika_19_4,2019,Conflict,39,1,51,0.175,24,4,Tanganyika
Tanganyika_19_5,2019,Conflict,52,1,51,0.342,24,4,Tanganyika
Tshopo_19_1,2019,Conflict,39,1,49,0.081,38,21,Tshopo
Tshopo_19_1,2019,Peace,39,50,52,0.081,38,21,Tshopo
Tshopo_19_2,2019,Conflict,52,1,49,0.423,38,21,Tshopo
Tshopo_19_2,2019,Peace,52,50,52,0.423,38,21,Tshopo
Haut-Katanga_20_1,2020,Peace,5,1,2,0.381,24,46,Haut-Katanga
Haut-Katanga_20_1,2020,Conflict,5,3,20,0.381,24,46,Haut-Katanga
Haut-Katanga_20_1,2020,Peace,5,21,52,0.381,24,46,Haut-Katanga
Haut-Katanga_20_2,2020,Peace,10,1,2,0.223,24,46,Haut-Katanga
Haut-Katanga_20_2,2020,Conflict,10,3,20,0.223,24,46,Haut-Katanga
Haut-Katanga_20_2,2020,Peace,10,21,52,0.223,24,46,Haut-Katanga
Haut-Katanga_20_3,2020,Peace,10,1,2,0.118,24,46,Haut-Katanga
Haut-Katanga_20_3,2020,Conflict,10,3,20,0.118,24,46,Haut-Katanga
Haut-Katanga_20_3,2020,Peace,10,21,52,0.118,24,46,Haut-Katanga
Haut-Katanga_20_4,2020,Peace,42,1,2,0.046,24,46,Haut-Katanga
Haut-Katanga_20_4,2020,Conflict,42,3,20,0.046,24,46,Haut-Katanga
Haut-Katanga_20_4,2020,Peace,42,21,52,0.046,24,46,Haut-Katanga
Haut-Lomami_20_1,2020,Peace,31,1,18,0.010,2,1,Haut-Lomani
Haut-Lomami_20_1,2020,Conflict,31,19,20,0.010,2,1,Haut-Lomani
Haut-Lomami_20_1,2020,Peace,31,21,52,0.010,2,1,Haut-Lomani
Haut-Lomami_20_2,2020,Peace,47,1,18,0.061,2,1,Haut-Lomani
Haut-Lomami_20_2,2020,Conflict,47,19,20,0.061,2,1,Haut-Lomani
Haut-Lomami_20_2,2020,Peace,47,21,52,0.061,2,1,Haut-Lomani
Kasaï-Oriental_20_1,2020,Peace,12,1,3,0.015,15,1,Kasaï-Oriental
Kasaï-Oriental_20_1,2020,Conflict,12,4,19,0.015,15,1,Kasaï-Oriental
Kasaï-Oriental_20_1,2020,Peace,12,20,52,0.015,15,1,Kasaï-Oriental
Kasaï-Oriental_20_2,2020,Peace,40,1,3,0.112,15,1,Kasaï-Oriental
Kasaï-Oriental_20_2,2020,Conflict,40,4,19,0.112,15,1,Kasaï-Oriental
Kasaï-Oriental_20_2,2020,Peace,40,20,52,0.112,15,1,Kasaï-Oriental
Kasaï-Oriental_20_3,2020,Peace,47,1,3,0.009,15,1,Kasaï-Oriental
Kasaï-Oriental_20_3,2020,Conflict,47,4,19,0.009,15,1,Kasaï-Oriental
Kasaï-Oriental_20_3,2020,Peace,47,20,52,0.009,15,1,Kasaï-Oriental
Lualaba_20_1,2020,Peace,16,1,12,0.212,2,2,Lualaba
Lualaba_20_1,2020,Conflict,16,13,14,0.212,2,2,Lualaba
Lualaba_20_1,2020,Peace,16,15,52,0.212,2,2,Lualaba
Lualaba_20_2,2020,Peace,16,1,12,0.123,2,2,Lualaba
Lualaba_20_2,2020,Conflict,16,13,14,0.123,2,2,Lualaba
Lualaba_20_2,2020,Peace,16,15,52,0.123,2,2,Lualaba
Lualaba_20_3,2020,Peace,16,1,12,0.069,2,2,Lualaba
Lualaba_20_3,2020,Conflict,16,13,14,0.069,2,2,Lualaba
Lualaba_20_3,2020,Peace,16,15,52,0.069,2,2,Lualaba
Nord-Kivu_20_1,2020,Conflict,5,1,20,1.210,427,"1,044",Nord-Kivu
Nord-Kivu_20_1,2020,Peace,5,21,52,1.210,427,"1,044",Nord-Kivu
Sud-Kivu_20_1,2020,Conflict,5,1,20,0.787,210,198,Sud-Kivu
Sud-Kivu_20_1,2020,Peace,5,21,52,0.787,210,198,Sud-Kivu
Tanganyika_20_1,2020,Conflict,5,2,20,0.317,21,40,Tanganyika
Tanganyika_20_1,2020,Peace,5,21,52,0.317,21,40,Tanganyika